sim_time,front_x,Z,T,cohesion,viscosity,tension,pressure
0.048,-57.6417,0.979576,0.0305332,20,3.14,20,4000
0.096,-57.4654,0.983213,0.0610664,20,3.14,20,4000
0.144,-57.2055,0.988572,0.0915996,20,3.14,20,4000
0.192,-56.8925,0.995026,0.122133,20,3.14,20,4000
0.24,-56.5498,1.0021,0.152666,20,3.14,20,4000
0.288,-56.1973,1.00936,0.183199,20,3.14,20,4000
0.336,-55.8025,1.01751,0.213732,20,3.14,20,4000
0.384,-55.4165,1.02547,0.244266,20,3.14,20,4000
0.432,-55.0324,1.03339,0.274799,20,3.14,20,4000
0.48,-54.6475,1.04133,0.305332,20,3.14,20,4000
0.528,-54.373,1.04699,0.335865,20,3.14,20,4000
0.576,-53.8597,1.05757,0.366399,20,3.14,20,4000
0.624,-53.4467,1.06609,0.396932,20,3.14,20,4000
0.672,-52.9735,1.07585,0.427465,20,3.14,20,4000
0.72,-52.358,1.08855,0.457998,20,3.14,20,4000
0.768,-51.8088,1.09987,0.488531,20,3.14,20,4000
0.816,-51.3484,1.10937,0.519065,20,3.14,20,4000
0.864,-50.7381,1.12195,0.549598,20,3.14,20,4000
0.912,-50.2415,1.1322,0.580131,20,3.14,20,4000
0.96,-49.5777,1.14588,0.610664,20,3.14,20,4000
1.008,-48.8616,1.16065,0.641197,20,3.14,20,4000
1.056,-48.1025,1.17631,0.671731,20,3.14,20,4000
1.104,-47.2817,1.19324,0.702264,20,3.14,20,4000
1.152,-46.3791,1.21185,0.732797,20,3.14,20,4000
1.2,-45.734,1.22516,0.76333,20,3.14,20,4000
1.248,-44.7595,1.24525,0.793864,20,3.14,20,4000
1.296,-43.7727,1.2656,0.824397,20,3.14,20,4000
1.344,-42.7644,1.2864,0.85493,20,3.14,20,4000
1.392,-41.707,1.30821,0.885463,20,3.14,20,4000
1.44,-40.5797,1.33146,0.915996,20,3.14,20,4000
1.488,-39.3764,1.35627,0.94653,20,3.14,20,4000
1.536,-38.1031,1.38253,0.977063,20,3.14,20,4000
1.584,-36.7714,1.40999,1.0076,20,3.14,20,4000
1.632,-35.3928,1.43843,1.03813,20,3.14,20,4000
1.68,-33.9779,1.46761,1.06866,20,3.14,20,4000
1.728,-32.5354,1.49736,1.0992,20,3.14,20,4000
1.776,-31.0694,1.52759,1.12973,20,3.14,20,4000
1.824,-29.5777,1.55835,1.16026,20,3.14,20,4000
1.872,-28.0537,1.58979,1.1908,20,3.14,20,4000
1.92,-26.4887,1.62206,1.22133,20,3.14,20,4000
1.968,-24.8746,1.65535,1.25186,20,3.14,20,4000
2.016,-24.1299,1.67071,1.28239,20,3.14,20,4000
2.064,-22.4177,1.70602,1.31293,20,3.14,20,4000
2.112,-20.6666,1.74213,1.34346,20,3.14,20,4000
2.16,-18.8823,1.77893,1.37399,20,3.14,20,4000
2.208,-17.0722,1.81626,1.40453,20,3.14,20,4000
2.256,-15.2441,1.85397,1.43506,20,3.14,20,4000
2.304,-13.405,1.89189,1.46559,20,3.14,20,4000
2.352,-11.5602,1.92994,1.49613,20,3.14,20,4000
2.4,-9.71357,1.96802,1.52666,20,3.14,20,4000
2.448,-7.86698,2.00611,1.55719,20,3.14,20,4000
2.496,-6.02127,2.04417,1.58773,20,3.14,20,4000
2.544,-4.72615,2.07088,1.61826,20,3.14,20,4000
2.592,-2.86872,2.10919,1.64879,20,3.14,20,4000
2.63883,-1.04939,2.14671,1.67859,20,3.14,20,4000
2.6845,0.733743,2.18348,1.70764,20,3.14,20,4000
2.72968,2.50891,2.22009,1.73637,20,3.14,20,4000
2.77301,4.22438,2.25547,1.76393,20,3.14,20,4000
2.81982,6.094,2.29403,1.79371,20,3.14,20,4000
2.85895,7.6713,2.32656,1.8186,20,3.14,20,4000
2.89449,9.11664,2.35637,1.84121,20,3.14,20,4000
2.92716,10.4558,2.38399,1.86199,20,3.14,20,4000
2.96449,11.9989,2.41581,1.88574,20,3.14,20,4000
2.99935,13.4521,2.44578,1.90791,20,3.14,20,4000
3.03005,14.7412,2.47237,1.92744,20,3.14,20,4000
3.06032,15.278,2.48344,1.9467,20,3.14,20,4000
3.09505,16.7613,2.51403,1.96879,20,3.14,20,4000
3.13402,18.4379,2.54861,1.99358,20,3.14,20,4000
3.1669,19.861,2.57796,2.01449,20,3.14,20,4000
3.19738,21.187,2.6053,2.03388,20,3.14,20,4000
3.23645,22.8951,2.64053,2.05873,20,3.14,20,4000
3.26778,24.2708,2.6689,2.07866,20,3.14,20,4000
3.30005,25.6931,2.69824,2.09919,20,3.14,20,4000
3.34125,27.5169,2.73585,2.1254,20,3.14,20,4000
3.38092,29.2805,2.77222,2.15063,20,3.14,20,4000
3.41798,30.935,2.80634,2.1742,20,3.14,20,4000
3.45752,32.7083,2.84291,2.19936,20,3.14,20,4000
3.49543,34.4154,2.87812,2.22347,20,3.14,20,4000
3.53666,36.2808,2.91659,2.2497,20,3.14,20,4000
3.57698,38.1135,2.95439,2.27534,20,3.14,20,4000
3.62119,38.9895,2.97245,2.30347,20,3.14,20,4000
3.66036,40.7683,3.00914,2.32839,20,3.14,20,4000
3.70823,42.953,3.05419,2.35884,20,3.14,20,4000
3.75598,45.1431,3.09936,2.38921,20,3.14,20,4000
3.79857,47.1063,3.13985,2.4163,20,3.14,20,4000
3.84657,49.3292,3.18569,2.44684,20,3.14,20,4000
3.89457,51.5629,3.23176,2.47737,20,3.14,20,4000
3.94046,53.7083,3.27601,2.50656,20,3.14,20,4000
3.98846,55.9624,3.3225,2.53709,20,3.14,20,4000
4.03646,58.2265,3.36919,2.56763,20,3.14,20,4000
4.08446,60.5,3.41608,2.59816,20,3.14,20,4000
4.13246,62.7396,3.46227,2.62869,20,3.14,20,4000
4.18046,65.0316,3.50953,2.65923,20,3.14,20,4000
4.22846,67.3317,3.55697,2.68976,20,3.14,20,4000
4.27646,69.6396,3.60457,2.72029,20,3.14,20,4000
4.32446,71.9549,3.65232,2.75083,20,3.14,20,4000
4.37246,74.2775,3.70022,2.78136,20,3.14,20,4000
4.42046,76.6072,3.74827,2.81189,20,3.14,20,4000
4.46846,78.944,3.79646,2.84243,20,3.14,20,4000
4.51646,81.2879,3.8448,2.87296,20,3.14,20,4000
4.56446,82.3373,3.86644,2.90349,20,3.14,20,4000
4.61246,84.6974,3.91511,2.93403,20,3.14,20,4000
4.66046,87.0671,3.96399,2.96456,20,3.14,20,4000
4.70846,89.4465,4.01306,2.99509,20,3.14,20,4000
4.75646,91.8356,4.06233,3.02562,20,3.14,20,4000
4.80446,94.2345,4.1118,3.05616,20,3.14,20,4000
4.85246,96.643,4.16147,3.08669,20,3.14,20,4000
4.90046,99.0609,4.21134,3.11722,20,3.14,20,4000
4.94846,101.488,4.26139,3.14776,20,3.14,20,4000
4.99646,103.46,4.30206,3.17829,20,3.14,20,4000
5.04446,104.953,4.33285,3.20882,20,3.14,20,4000
5.09246,105.561,4.34538,3.23936,20,3.14,20,4000
5.14046,105.655,4.34733,3.26989,20,3.14,20,4000
5.18846,105.45,4.34311,3.30042,20,3.14,20,4000
5.23381,105.491,4.34395,3.32927,20,3.14,20,4000
5.28114,105.659,4.34741,3.35938,20,3.14,20,4000
5.32914,105.644,4.3471,3.38991,20,3.14,20,4000
5.37648,105.357,4.34118,3.42003,20,3.14,20,4000
5.42316,105.667,4.34757,3.44972,20,3.14,20,4000
5.4617,105.47,4.34353,3.47423,20,3.14,20,4000
5.50199,105.667,4.34757,3.49986,20,3.14,20,4000
5.53882,105.625,4.34671,3.52329,20,3.14,20,4000
5.57779,105.667,4.34757,3.54808,20,3.14,20,4000
5.61912,105.667,4.34757,3.57437,20,3.14,20,4000
5.65661,105.667,4.34757,3.59822,20,3.14,20,4000
5.70142,105.667,4.34757,3.62672,20,3.14,20,4000
5.73965,105.667,4.34757,3.65104,20,3.14,20,4000
5.77984,105.667,4.34757,3.67661,20,3.14,20,4000
5.81954,105.624,4.34669,3.70186,20,3.14,20,4000
5.85511,105.667,4.34757,3.72449,20,3.14,20,4000
5.89264,105.667,4.34757,3.74836,20,3.14,20,4000
5.93484,105.667,4.34757,3.7752,20,3.14,20,4000
5.97128,105.667,4.34757,3.79838,20,3.14,20,4000
6.00521,105.667,4.34757,3.81997,20,3.14,20,4000
6.0403,105.667,4.34757,3.84228,20,3.14,20,4000
6.07413,105.667,4.34757,3.86381,20,3.14,20,4000
6.10991,105.655,4.34732,3.88657,20,3.14,20,4000
6.14546,105.667,4.34757,3.90918,20,3.14,20,4000
6.17656,105.667,4.34757,3.92896,20,3.14,20,4000
6.20738,105.654,4.34731,3.94857,20,3.14,20,4000
6.24417,105.667,4.34757,3.97197,20,3.14,20,4000
6.2794,105.662,4.34747,3.99438,20,3.14,20,4000
6.31237,105.644,4.3471,4.01535,20,3.14,20,4000
6.34281,105.667,4.34757,4.03471,20,3.14,20,4000
6.37442,105.667,4.34757,4.05482,20,3.14,20,4000
6.41487,105.667,4.34757,4.08055,20,3.14,20,4000
6.45018,105.662,4.34747,4.10301,20,3.14,20,4000
6.48313,105.667,4.34757,4.12397,20,3.14,20,4000
6.51448,105.667,4.34757,4.14391,20,3.14,20,4000
6.55144,105.667,4.34757,4.16743,20,3.14,20,4000
6.58689,105.667,4.34757,4.18997,20,3.14,20,4000
6.61787,105.667,4.34757,4.20968,20,3.14,20,4000
6.64882,105.661,4.34745,4.22937,20,3.14,20,4000
6.68673,105.626,4.34673,4.25349,20,3.14,20,4000
6.71848,105.625,4.34672,4.27368,20,3.14,20,4000
6.75605,105.611,4.34643,4.29758,20,3.14,20,4000
6.78772,105.511,4.34437,4.31773,20,3.14,20,4000
6.82134,105.667,4.34757,4.33911,20,3.14,20,4000
6.85746,105.667,4.34757,4.36209,20,3.14,20,4000
6.89114,105.427,4.34263,4.38351,20,3.14,20,4000
6.9255,105.185,4.33764,4.40537,20,3.14,20,4000
6.96851,105.316,4.34034,4.43273,20,3.14,20,4000
7.00451,105.283,4.33966,4.45563,20,3.14,20,4000
7.03879,105.635,4.34693,4.47744,20,3.14,20,4000
7.07408,105.253,4.33904,4.49988,20,3.14,20,4000
7.10953,105.65,4.34723,4.52243,20,3.14,20,4000
7.14173,105.667,4.34757,4.54291,20,3.14,20,4000
7.17224,105.667,4.34757,4.56232,20,3.14,20,4000
7.20939,105.667,4.34757,4.58595,20,3.14,20,4000
7.24755,105.667,4.34757,4.61023,20,3.14,20,4000
7.28425,105.667,4.34757,4.63357,20,3.14,20,4000
7.31678,105.667,4.34757,4.65427,20,3.14,20,4000
7.35144,105.667,4.34757,4.67631,20,3.14,20,4000
7.384,105.667,4.34757,4.69703,20,3.14,20,4000
7.41755,105.667,4.34757,4.71837,20,3.14,20,4000
7.4546,105.667,4.34757,4.74194,20,3.14,20,4000
7.49249,105.667,4.34757,4.76604,20,3.14,20,4000
7.52292,105.667,4.34757,4.78539,20,3.14,20,4000
7.56357,105.667,4.34757,4.81125,20,3.14,20,4000
7.60811,105.667,4.34757,4.83958,20,3.14,20,4000
7.64726,105.667,4.34757,4.86449,20,3.14,20,4000
7.6876,105.667,4.34757,4.89015,20,3.14,20,4000
7.73203,105.466,4.34343,4.91841,20,3.14,20,4000
7.77254,105.667,4.34757,4.94418,20,3.14,20,4000
7.81376,105.667,4.34757,4.9704,20,3.14,20,4000
7.84937,105.667,4.34757,4.99305,20,3.14,20,4000
7.88164,105.667,4.34757,5.01358,20,3.14,20,4000
7.91781,105.667,4.34757,5.03659,20,3.14,20,4000
7.956,105.667,4.34757,5.06088,20,3.14,20,4000
7.99063,105.667,4.34757,5.08291,20,3.14,20,4000
8.03257,105.667,4.34757,5.10959,20,3.14,20,4000
8.07302,105.667,4.34757,5.13532,20,3.14,20,4000
8.11152,105.667,4.34757,5.15981,20,3.14,20,4000
8.15113,105.667,4.34757,5.185,20,3.14,20,4000
8.18835,105.667,4.34757,5.20868,20,3.14,20,4000
8.22041,105.667,4.34757,5.22907,20,3.14,20,4000
8.25556,105.667,4.34757,5.25143,20,3.14,20,4000
8.2933,105.667,4.34757,5.27544,20,3.14,20,4000
8.33305,105.667,4.34757,5.30073,20,3.14,20,4000
8.36612,105.667,4.34757,5.32176,20,3.14,20,4000
8.39937,105.667,4.34757,5.34291,20,3.14,20,4000
8.427,105.667,4.34757,5.36049,20,3.14,20,4000
8.45681,105.667,4.34757,5.37945,20,3.14,20,4000
8.48588,105.622,4.34666,5.39794,20,3.14,20,4000
8.51618,105.667,4.34757,5.41721,20,3.14,20,4000
8.55126,105.667,4.34757,5.43953,20,3.14,20,4000
8.58993,105.667,4.34757,5.46413,20,3.14,20,4000
8.62543,105.667,4.34757,5.48671,20,3.14,20,4000
8.6687,105.667,4.34757,5.51424,20,3.14,20,4000
8.70971,105.667,4.34757,5.54032,20,3.14,20,4000
8.75465,105.667,4.34757,5.56891,20,3.14,20,4000
8.79875,105.667,4.34757,5.59696,20,3.14,20,4000
8.8409,105.667,4.34757,5.62377,20,3.14,20,4000
8.88546,105.667,4.34757,5.65212,20,3.14,20,4000
8.93011,105.667,4.34757,5.68052,20,3.14,20,4000
8.97105,105.667,4.34757,5.70656,20,3.14,20,4000
9.00821,105.667,4.34757,5.7302,20,3.14,20,4000
9.04492,105.667,4.34757,5.75355,20,3.14,20,4000
9.0872,105.667,4.34757,5.78044,20,3.14,20,4000
9.12946,105.667,4.34757,5.80733,20,3.14,20,4000
9.17283,105.667,4.34757,5.83492,20,3.14,20,4000
9.21491,105.667,4.34757,5.86168,20,3.14,20,4000
9.2529,105.667,4.34757,5.88585,20,3.14,20,4000
9.29527,105.667,4.34757,5.9128,20,3.14,20,4000
9.33234,105.667,4.34757,5.93638,20,3.14,20,4000
9.37124,105.667,4.34757,5.96113,20,3.14,20,4000
9.41074,105.667,4.34757,5.98625,20,3.14,20,4000
9.44967,105.667,4.34757,6.01102,20,3.14,20,4000
9.48909,105.667,4.34757,6.03609,20,3.14,20,4000
9.52987,105.667,4.34757,6.06203,20,3.14,20,4000
9.56815,105.667,4.34757,6.08638,20,3.14,20,4000
9.60864,105.667,4.34757,6.11214,20,3.14,20,4000
9.64839,105.667,4.34757,6.13743,20,3.14,20,4000
9.68322,105.667,4.34757,6.15958,20,3.14,20,4000
9.71943,105.667,4.34757,6.18261,20,3.14,20,4000
9.76541,105.667,4.34757,6.21186,20,3.14,20,4000
9.799,105.667,4.34757,6.23323,20,3.14,20,4000
9.83599,105.667,4.34757,6.25676,20,3.14,20,4000
9.87557,105.667,4.34757,6.28194,20,3.14,20,4000
9.92357,105.667,4.34757,6.31247,20,3.14,20,4000
9.97011,105.667,4.34757,6.34207,20,3.14,20,4000
10.0137,105.667,4.34757,6.36981,20,3.14,20,4000
10.055,105.667,4.34757,6.39604,20,3.14,20,4000
10.0969,105.667,4.34757,6.42274,20,3.14,20,4000
10.1431,105.667,4.34757,6.45209,20,3.14,20,4000
10.1873,105.667,4.34757,6.48025,20,3.14,20,4000
10.2349,105.667,4.34757,6.51051,20,3.14,20,4000
10.2805,105.667,4.34757,6.53949,20,3.14,20,4000
10.326,105.667,4.34757,6.56847,20,3.14,20,4000
10.374,105.667,4.34757,6.599,20,3.14,20,4000
10.422,105.667,4.34757,6.62953,20,3.14,20,4000
10.47,105.667,4.34757,6.66006,20,3.14,20,4000
10.518,105.667,4.34757,6.6906,20,3.14,20,4000
10.566,105.667,4.34757,6.72113,20,3.14,20,4000
10.614,105.667,4.34757,6.75166,20,3.14,20,4000
10.662,105.667,4.34757,6.7822,20,3.14,20,4000
10.71,105.667,4.34757,6.81273,20,3.14,20,4000
10.758,105.667,4.34757,6.84326,20,3.14,20,4000
10.806,105.667,4.34757,6.8738,20,3.14,20,4000
10.8519,105.667,4.34757,6.90299,20,3.14,20,4000
10.8986,105.667,4.34757,6.93269,20,3.14,20,4000
10.9466,105.667,4.34757,6.96322,20,3.14,20,4000
10.9933,105.667,4.34757,6.9929,20,3.14,20,4000
11.0413,105.667,4.34757,7.02344,20,3.14,20,4000
11.0893,105.667,4.34757,7.05397,20,3.14,20,4000
11.1373,105.667,4.34757,7.0845,20,3.14,20,4000
11.1853,105.667,4.34757,7.11504,20,3.14,20,4000
11.2333,105.667,4.34757,7.14557,20,3.14,20,4000
11.2813,105.667,4.34757,7.1761,20,3.14,20,4000
11.3293,105.667,4.34757,7.20664,20,3.14,20,4000
11.3773,105.667,4.34757,7.23717,20,3.14,20,4000
11.4253,105.667,4.34757,7.2677,20,3.14,20,4000
11.4733,105.667,4.34757,7.29824,20,3.14,20,4000
11.5213,105.667,4.34757,7.32877,20,3.14,20,4000
11.5693,105.667,4.34757,7.3593,20,3.14,20,4000
11.6173,105.667,4.34757,7.38983,20,3.14,20,4000
11.6653,105.667,4.34757,7.42037,20,3.14,20,4000
11.7133,105.667,4.34757,7.4509,20,3.14,20,4000
11.7613,105.667,4.34757,7.48143,20,3.14,20,4000
11.8093,105.667,4.34757,7.51197,20,3.14,20,4000
11.8573,105.667,4.34757,7.5425,20,3.14,20,4000
11.9017,105.667,4.34757,7.57077,20,3.14,20,4000
11.9497,105.667,4.34757,7.6013,20,3.14,20,4000
11.9977,105.667,4.34757,7.63183,20,3.14,20,4000
12.0451,105.667,4.34757,7.662,20,3.14,20,4000
12.092,105.667,4.34757,7.69181,20,3.14,20,4000
12.14,105.667,4.34757,7.72234,20,3.14,20,4000
12.188,105.667,4.34757,7.75287,20,3.14,20,4000
12.236,105.667,4.34757,7.78341,20,3.14,20,4000
12.284,105.667,4.34757,7.81394,20,3.14,20,4000
12.332,105.667,4.34757,7.84447,20,3.14,20,4000
12.38,105.667,4.34757,7.87501,20,3.14,20,4000
12.4261,105.667,4.34757,7.90437,20,3.14,20,4000
12.4741,105.667,4.34757,7.93491,20,3.14,20,4000
12.5221,105.667,4.34757,7.96544,20,3.14,20,4000
12.5701,105.667,4.34757,7.99597,20,3.14,20,4000
12.6181,105.667,4.34757,8.02651,20,3.14,20,4000
12.6661,105.667,4.34757,8.05704,20,3.14,20,4000
12.7141,105.667,4.34757,8.08757,20,3.14,20,4000
12.7621,105.667,4.34757,8.11811,20,3.14,20,4000
12.8101,105.667,4.34757,8.14864,20,3.14,20,4000
12.8581,105.667,4.34757,8.17917,20,3.14,20,4000
12.9061,105.667,4.34757,8.20971,20,3.14,20,4000
12.9479,105.667,4.34757,8.23629,20,3.14,20,4000
12.9897,105.667,4.34757,8.26287,20,3.14,20,4000
13.0343,105.667,4.34757,8.29126,20,3.14,20,4000
13.0794,105.667,4.34757,8.31993,20,3.14,20,4000
13.1208,105.667,4.34757,8.34628,20,3.14,20,4000
13.1631,105.667,4.34757,8.37315,20,3.14,20,4000
13.2055,105.667,4.34757,8.40015,20,3.14,20,4000
13.2455,105.667,4.34757,8.42558,20,3.14,20,4000
13.2861,105.667,4.34757,8.45143,20,3.14,20,4000
13.3197,105.667,4.34757,8.4728,20,3.14,20,4000
13.352,105.667,4.34757,8.49332,20,3.14,20,4000
13.3824,105.667,4.34757,8.51269,20,3.14,20,4000
13.4093,105.667,4.34757,8.52979,20,3.14,20,4000
13.4367,105.667,4.34757,8.54717,20,3.14,20,4000
13.4653,105.667,4.34757,8.56537,20,3.14,20,4000
13.5049,105.667,4.34757,8.59058,20,3.14,20,4000
13.5348,105.667,4.34757,8.60961,20,3.14,20,4000
13.5628,105.667,4.34757,8.6274,20,3.14,20,4000
13.595,105.667,4.34757,8.64791,20,3.14,20,4000
13.6354,105.667,4.34757,8.67359,20,3.14,20,4000
13.6698,105.667,4.34757,8.69547,20,3.14,20,4000
13.6971,105.667,4.34757,8.71285,20,3.14,20,4000
13.7256,105.667,4.34757,8.73098,20,3.14,20,4000
13.7609,105.667,4.34757,8.75345,20,3.14,20,4000
13.7973,105.667,4.34757,8.77655,20,3.14,20,4000
13.8321,105.667,4.34757,8.79873,20,3.14,20,4000
13.865,105.667,4.34757,8.81962,20,3.14,20,4000
13.8974,105.667,4.34757,8.84026,20,3.14,20,4000
13.9303,105.667,4.34757,8.8612,20,3.14,20,4000
13.9592,105.667,4.34757,8.87956,20,3.14,20,4000
13.9953,105.667,4.34757,8.90253,20,3.14,20,4000
14.034,105.667,4.34757,8.92717,20,3.14,20,4000
14.0705,105.667,4.34757,8.95039,20,3.14,20,4000
14.1133,105.667,4.34757,8.97761,20,3.14,20,4000
14.1579,105.667,4.34757,9.00597,20,3.14,20,4000
14.2023,105.667,4.34757,9.0342,20,3.14,20,4000
14.2431,105.667,4.34757,9.06013,20,3.14,20,4000
14.2881,105.667,4.34757,9.08877,20,3.14,20,4000
14.3346,105.667,4.34757,9.11835,20,3.14,20,4000
14.3826,105.667,4.34757,9.14888,20,3.14,20,4000
14.4271,105.667,4.34757,9.17719,20,3.14,20,4000
14.4751,105.667,4.34757,9.20773,20,3.14,20,4000
14.5231,105.667,4.34757,9.23826,20,3.14,20,4000
14.5711,105.667,4.34757,9.26879,20,3.14,20,4000
14.6191,105.667,4.34757,9.29933,20,3.14,20,4000
14.6671,105.667,4.34757,9.32986,20,3.14,20,4000
14.7151,105.667,4.34757,9.36039,20,3.14,20,4000
14.7631,105.667,4.34757,9.39093,20,3.14,20,4000
14.8111,105.667,4.34757,9.42146,20,3.14,20,4000
14.8591,105.667,4.34757,9.45199,20,3.14,20,4000
14.9071,105.667,4.34757,9.48253,20,3.14,20,4000
14.9551,105.667,4.34757,9.51306,20,3.14,20,4000
15.0031,105.667,4.34757,9.54359,20,3.14,20,4000
15.0511,105.667,4.34757,9.57413,20,3.14,20,4000
15.0991,105.667,4.34757,9.60466,20,3.14,20,4000
15.1471,105.667,4.34757,9.63519,20,3.14,20,4000
15.1951,105.667,4.34757,9.66572,20,3.14,20,4000
15.2431,105.667,4.34757,9.69626,20,3.14,20,4000
15.2911,105.667,4.34757,9.72679,20,3.14,20,4000
15.3391,105.667,4.34757,9.75732,20,3.14,20,4000
15.3871,105.667,4.34757,9.78786,20,3.14,20,4000
15.4351,105.667,4.34757,9.81839,20,3.14,20,4000
15.4831,105.667,4.34757,9.84892,20,3.14,20,4000
15.5311,105.667,4.34757,9.87946,20,3.14,20,4000
15.5791,105.667,4.34757,9.90999,20,3.14,20,4000
15.6271,105.667,4.34757,9.94052,20,3.14,20,4000
15.6751,105.667,4.34757,9.97106,20,3.14,20,4000
15.7231,105.667,4.34757,10.0016,20,3.14,20,4000
15.7711,105.667,4.34757,10.0321,20,3.14,20,4000
15.8191,105.667,4.34757,10.0627,20,3.14,20,4000
15.8671,105.667,4.34757,10.0932,20,3.14,20,4000
15.9122,105.667,4.34757,10.1219,20,3.14,20,4000
15.9587,105.667,4.34757,10.1515,20,3.14,20,4000
16.0067,105.667,4.34757,10.182,20,3.14,20,4000
16.0547,105.667,4.34757,10.2125,20,3.14,20,4000
16.102,105.667,4.34757,10.2426,20,3.14,20,4000
16.1486,105.667,4.34757,10.2723,20,3.14,20,4000
16.1966,105.667,4.34757,10.3028,20,3.14,20,4000
16.2446,105.667,4.34757,10.3333,20,3.14,20,4000
16.2926,105.667,4.34757,10.3639,20,3.14,20,4000
16.3406,105.667,4.34757,10.3944,20,3.14,20,4000
16.3886,105.667,4.34757,10.4249,20,3.14,20,4000
16.4366,105.667,4.34757,10.4555,20,3.14,20,4000
16.4846,105.667,4.34757,10.486,20,3.14,20,4000
16.5326,105.667,4.34757,10.5165,20,3.14,20,4000
16.5806,105.667,4.34757,10.5471,20,3.14,20,4000
16.6286,105.667,4.34757,10.5776,20,3.14,20,4000
16.6766,105.667,4.34757,10.6081,20,3.14,20,4000
16.7246,105.667,4.34757,10.6387,20,3.14,20,4000
16.7726,105.667,4.34757,10.6692,20,3.14,20,4000
16.8206,105.667,4.34757,10.6997,20,3.14,20,4000
16.8686,105.667,4.34757,10.7302,20,3.14,20,4000
16.9166,105.667,4.34757,10.7608,20,3.14,20,4000
16.9646,105.667,4.34757,10.7913,20,3.14,20,4000
17.0126,105.667,4.34757,10.8218,20,3.14,20,4000
17.0606,105.667,4.34757,10.8524,20,3.14,20,4000
17.1086,105.667,4.34757,10.8829,20,3.14,20,4000
17.1566,105.667,4.34757,10.9134,20,3.14,20,4000
17.2046,105.667,4.34757,10.944,20,3.14,20,4000
17.2526,105.667,4.34757,10.9745,20,3.14,20,4000
17.3006,105.667,4.34757,11.005,20,3.14,20,4000
17.3486,105.667,4.34757,11.0356,20,3.14,20,4000
17.3966,105.667,4.34757,11.0661,20,3.14,20,4000
17.4446,105.667,4.34757,11.0966,20,3.14,20,4000
17.4926,105.667,4.34757,11.1272,20,3.14,20,4000
17.5406,105.667,4.34757,11.1577,20,3.14,20,4000
17.5886,105.667,4.34757,11.1882,20,3.14,20,4000
17.6366,105.667,4.34757,11.2188,20,3.14,20,4000
17.6846,105.667,4.34757,11.2493,20,3.14,20,4000
17.7326,105.667,4.34757,11.2798,20,3.14,20,4000
17.7806,105.667,4.34757,11.3104,20,3.14,20,4000
17.8286,105.667,4.34757,11.3409,20,3.14,20,4000
17.8766,105.667,4.34757,11.3714,20,3.14,20,4000
17.9246,105.667,4.34757,11.402,20,3.14,20,4000
17.9726,105.667,4.34757,11.4325,20,3.14,20,4000
18.0206,105.667,4.34757,11.463,20,3.14,20,4000
18.0686,105.667,4.34757,11.4936,20,3.14,20,4000
18.1166,105.667,4.34757,11.5241,20,3.14,20,4000
18.1646,105.667,4.34757,11.5546,20,3.14,20,4000
18.2126,105.667,4.34757,11.5852,20,3.14,20,4000
18.2606,105.667,4.34757,11.6157,20,3.14,20,4000
18.3086,105.667,4.34757,11.6462,20,3.14,20,4000
18.3566,105.667,4.34757,11.6768,20,3.14,20,4000
18.4046,105.667,4.34757,11.7073,20,3.14,20,4000
18.4526,105.667,4.34757,11.7378,20,3.14,20,4000
18.5006,105.667,4.34757,11.7684,20,3.14,20,4000
18.5486,105.667,4.34757,11.7989,20,3.14,20,4000
18.5966,105.667,4.34757,11.8294,20,3.14,20,4000
18.6446,105.667,4.34757,11.86,20,3.14,20,4000
18.6926,105.667,4.34757,11.8905,20,3.14,20,4000
18.7406,105.667,4.34757,11.921,20,3.14,20,4000
18.7886,105.667,4.34757,11.9516,20,3.14,20,4000
18.8366,105.667,4.34757,11.9821,20,3.14,20,4000
18.8846,105.667,4.34757,12.0126,20,3.14,20,4000
18.9326,105.667,4.34757,12.0432,20,3.14,20,4000
18.9806,105.667,4.34757,12.0737,20,3.14,20,4000
19.0286,105.667,4.34757,12.1042,20,3.14,20,4000
19.0766,105.667,4.34757,12.1348,20,3.14,20,4000
19.1246,105.667,4.34757,12.1653,20,3.14,20,4000
19.1726,105.667,4.34757,12.1958,20,3.14,20,4000
19.2206,105.667,4.34757,12.2264,20,3.14,20,4000
19.2686,105.667,4.34757,12.2569,20,3.14,20,4000
19.3166,105.667,4.34757,12.2874,20,3.14,20,4000
19.3646,105.667,4.34757,12.318,20,3.14,20,4000
19.4126,105.667,4.34757,12.3485,20,3.14,20,4000
19.4606,105.667,4.34757,12.379,20,3.14,20,4000
19.5086,105.667,4.34757,12.4096,20,3.14,20,4000
19.5566,105.667,4.34757,12.4401,20,3.14,20,4000
19.6046,105.667,4.34757,12.4706,20,3.14,20,4000
19.6526,105.667,4.34757,12.5012,20,3.14,20,4000
19.7006,105.667,4.34757,12.5317,20,3.14,20,4000
19.7486,105.667,4.34757,12.5622,20,3.14,20,4000
19.7966,105.667,4.34757,12.5928,20,3.14,20,4000
19.844,105.667,4.34757,12.6229,20,3.14,20,4000
19.8908,105.667,4.34757,12.6527,20,3.14,20,4000
19.9388,105.667,4.34757,12.6832,20,3.14,20,4000
19.9868,105.667,4.34757,12.7137,20,3.14,20,4000
20.0348,105.667,4.34757,12.7443,20,3.14,20,4000
20.0828,105.667,4.34757,12.7748,20,3.14,20,4000
20.1308,105.667,4.34757,12.8053,20,3.14,20,4000
20.1788,105.667,4.34757,12.8359,20,3.14,20,4000
20.2268,105.667,4.34757,12.8664,20,3.14,20,4000
20.2704,105.667,4.34757,12.8942,20,3.14,20,4000
20.3184,105.667,4.34757,12.9247,20,3.14,20,4000
20.3634,105.667,4.34757,12.9533,20,3.14,20,4000
20.4097,105.667,4.34757,12.9828,20,3.14,20,4000
20.4543,105.667,4.34757,13.0112,20,3.14,20,4000
20.5023,105.667,4.34757,13.0417,20,3.14,20,4000
20.5503,105.667,4.34757,13.0723,20,3.14,20,4000
20.5982,105.667,4.34757,13.1027,20,3.14,20,4000
20.6455,105.667,4.34757,13.1328,20,3.14,20,4000
20.6927,105.667,4.34757,13.1628,20,3.14,20,4000
20.7375,105.667,4.34757,13.1913,20,3.14,20,4000
20.7855,105.667,4.34757,13.2219,20,3.14,20,4000
20.8335,105.667,4.34757,13.2524,20,3.14,20,4000
20.8815,105.667,4.34757,13.2829,20,3.14,20,4000
20.9295,105.667,4.34757,13.3135,20,3.14,20,4000
20.9775,105.667,4.34757,13.344,20,3.14,20,4000
21.0255,105.667,4.34757,13.3745,20,3.14,20,4000
21.0735,105.667,4.34757,13.4051,20,3.14,20,4000
21.1215,105.667,4.34757,13.4356,20,3.14,20,4000
21.1695,105.667,4.34757,13.4661,20,3.14,20,4000
21.2175,105.667,4.34757,13.4967,20,3.14,20,4000
21.2655,105.667,4.34757,13.5272,20,3.14,20,4000
21.3135,105.667,4.34757,13.5577,20,3.14,20,4000
21.3615,105.667,4.34757,13.5883,20,3.14,20,4000
21.4095,105.667,4.34757,13.6188,20,3.14,20,4000
21.4575,105.667,4.34757,13.6493,20,3.14,20,4000
21.5055,105.667,4.34757,13.6799,20,3.14,20,4000
21.5535,105.667,4.34757,13.7104,20,3.14,20,4000
21.6015,105.667,4.34757,13.7409,20,3.14,20,4000
21.6495,105.667,4.34757,13.7715,20,3.14,20,4000
21.6975,105.667,4.34757,13.802,20,3.14,20,4000
21.7455,105.667,4.34757,13.8325,20,3.14,20,4000
21.7935,105.667,4.34757,13.8631,20,3.14,20,4000
21.8415,105.667,4.34757,13.8936,20,3.14,20,4000
21.8895,105.667,4.34757,13.9241,20,3.14,20,4000
21.9375,105.667,4.34757,13.9547,20,3.14,20,4000
21.9855,105.667,4.34757,13.9852,20,3.14,20,4000
22.0335,105.667,4.34757,14.0157,20,3.14,20,4000
22.0815,105.667,4.34757,14.0463,20,3.14,20,4000
22.1295,105.667,4.34757,14.0768,20,3.14,20,4000
22.1775,105.667,4.34757,14.1073,20,3.14,20,4000
22.2255,105.667,4.34757,14.1379,20,3.14,20,4000
22.2735,105.667,4.34757,14.1684,20,3.14,20,4000
22.3215,105.667,4.34757,14.1989,20,3.14,20,4000
22.3695,105.667,4.34757,14.2295,20,3.14,20,4000
22.4175,105.667,4.34757,14.26,20,3.14,20,4000
22.4655,105.667,4.34757,14.2905,20,3.14,20,4000
22.5135,105.667,4.34757,14.3211,20,3.14,20,4000
22.5615,105.667,4.34757,14.3516,20,3.14,20,4000
22.6095,105.667,4.34757,14.3821,20,3.14,20,4000
22.6575,105.667,4.34757,14.4127,20,3.14,20,4000
22.7055,105.667,4.34757,14.4432,20,3.14,20,4000
22.7535,105.667,4.34757,14.4737,20,3.14,20,4000
22.8015,105.667,4.34757,14.5043,20,3.14,20,4000
22.8495,105.667,4.34757,14.5348,20,3.14,20,4000
22.8975,105.667,4.34757,14.5653,20,3.14,20,4000
22.9455,105.667,4.34757,14.5959,20,3.14,20,4000
22.9935,105.667,4.34757,14.6264,20,3.14,20,4000
23.0415,105.667,4.34757,14.6569,20,3.14,20,4000
23.0895,105.667,4.34757,14.6875,20,3.14,20,4000
23.1375,105.667,4.34757,14.718,20,3.14,20,4000
23.1855,105.667,4.34757,14.7485,20,3.14,20,4000
23.2335,105.667,4.34757,14.7791,20,3.14,20,4000
23.2815,105.667,4.34757,14.8096,20,3.14,20,4000
23.3295,105.667,4.34757,14.8401,20,3.14,20,4000
23.3775,105.667,4.34757,14.8707,20,3.14,20,4000
23.4255,105.667,4.34757,14.9012,20,3.14,20,4000
23.4735,105.667,4.34757,14.9317,20,3.14,20,4000
23.5215,105.667,4.34757,14.9623,20,3.14,20,4000
23.5695,105.667,4.34757,14.9928,20,3.14,20,4000
23.6175,105.667,4.34757,15.0233,20,3.14,20,4000
23.6655,105.667,4.34757,15.0539,20,3.14,20,4000
23.7135,105.667,4.34757,15.0844,20,3.14,20,4000
23.7615,105.667,4.34757,15.1149,20,3.14,20,4000
23.8095,105.667,4.34757,15.1455,20,3.14,20,4000
23.8575,105.667,4.34757,15.176,20,3.14,20,4000
23.9055,105.667,4.34757,15.2065,20,3.14,20,4000
23.9535,105.667,4.34757,15.2371,20,3.14,20,4000
24.0015,105.667,4.34757,15.2676,20,3.14,20,4000
24.0495,105.667,4.34757,15.2981,20,3.14,20,4000
24.0975,105.667,4.34757,15.3287,20,3.14,20,4000
24.1455,105.667,4.34757,15.3592,20,3.14,20,4000
24.1935,105.667,4.34757,15.3897,20,3.14,20,4000
24.2415,105.667,4.34757,15.4203,20,3.14,20,4000
24.2895,105.667,4.34757,15.4508,20,3.14,20,4000
24.3375,105.667,4.34757,15.4813,20,3.14,20,4000
24.3855,105.667,4.34757,15.5119,20,3.14,20,4000
24.4335,105.667,4.34757,15.5424,20,3.14,20,4000
24.4815,105.667,4.34757,15.5729,20,3.14,20,4000
24.5295,105.667,4.34757,15.6034,20,3.14,20,4000
24.5775,105.667,4.34757,15.634,20,3.14,20,4000
24.6255,105.667,4.34757,15.6645,20,3.14,20,4000
24.6735,105.667,4.34757,15.695,20,3.14,20,4000
24.7215,105.667,4.34757,15.7256,20,3.14,20,4000
24.7695,105.667,4.34757,15.7561,20,3.14,20,4000
24.8175,105.667,4.34757,15.7866,20,3.14,20,4000
24.8655,105.667,4.34757,15.8172,20,3.14,20,4000
24.9135,105.667,4.34757,15.8477,20,3.14,20,4000
24.9615,105.667,4.34757,15.8782,20,3.14,20,4000
25.0095,105.667,4.34757,15.9088,20,3.14,20,4000
25.0575,105.667,4.34757,15.9393,20,3.14,20,4000
25.1055,105.667,4.34757,15.9698,20,3.14,20,4000
25.1535,105.667,4.34757,16.0004,20,3.14,20,4000
25.2015,105.667,4.34757,16.0309,20,3.14,20,4000
25.2495,105.667,4.34757,16.0614,20,3.14,20,4000
25.2975,105.667,4.34757,16.092,20,3.14,20,4000
25.3455,105.667,4.34757,16.1225,20,3.14,20,4000
25.3935,105.667,4.34757,16.153,20,3.14,20,4000
25.4415,105.667,4.34757,16.1836,20,3.14,20,4000
25.4895,105.667,4.34757,16.2141,20,3.14,20,4000
25.5375,105.667,4.34757,16.2446,20,3.14,20,4000
25.5855,105.667,4.34757,16.2752,20,3.14,20,4000
25.6335,105.667,4.34757,16.3057,20,3.14,20,4000
25.6815,105.667,4.34757,16.3362,20,3.14,20,4000
25.7295,105.667,4.34757,16.3668,20,3.14,20,4000
25.7775,105.667,4.34757,16.3973,20,3.14,20,4000
25.8255,105.667,4.34757,16.4278,20,3.14,20,4000
25.8735,105.667,4.34757,16.4584,20,3.14,20,4000
25.9215,105.667,4.34757,16.4889,20,3.14,20,4000
25.9695,105.667,4.34757,16.5194,20,3.14,20,4000
26.0175,105.667,4.34757,16.55,20,3.14,20,4000
26.0655,105.667,4.34757,16.5805,20,3.14,20,4000
26.1135,105.667,4.34757,16.611,20,3.14,20,4000
26.1615,105.667,4.34757,16.6416,20,3.14,20,4000
26.2095,105.667,4.34757,16.6721,20,3.14,20,4000
26.2575,105.667,4.34757,16.7026,20,3.14,20,4000
26.3055,105.667,4.34757,16.7332,20,3.14,20,4000
26.3535,105.667,4.34757,16.7637,20,3.14,20,4000
26.4015,105.667,4.34757,16.7942,20,3.14,20,4000
26.4495,105.667,4.34757,16.8248,20,3.14,20,4000
26.4975,105.667,4.34757,16.8553,20,3.14,20,4000
26.5455,105.667,4.34757,16.8858,20,3.14,20,4000
26.5935,105.667,4.34757,16.9164,20,3.14,20,4000
26.6415,105.667,4.34757,16.9469,20,3.14,20,4000
26.6895,105.667,4.34757,16.9774,20,3.14,20,4000
26.7375,105.667,4.34757,17.008,20,3.14,20,4000
26.7855,105.667,4.34757,17.0385,20,3.14,20,4000
26.8335,105.667,4.34757,17.069,20,3.14,20,4000
26.8815,105.667,4.34757,17.0996,20,3.14,20,4000
26.9295,105.667,4.34757,17.1301,20,3.14,20,4000
26.9775,105.667,4.34757,17.1606,20,3.14,20,4000
27.0255,105.667,4.34757,17.1912,20,3.14,20,4000
27.0735,105.667,4.34757,17.2217,20,3.14,20,4000
27.1215,105.667,4.34757,17.2522,20,3.14,20,4000
27.1695,105.667,4.34757,17.2828,20,3.14,20,4000
27.2175,105.667,4.34757,17.3133,20,3.14,20,4000
27.2655,105.667,4.34757,17.3438,20,3.14,20,4000
27.3135,105.667,4.34757,17.3744,20,3.14,20,4000
27.3615,105.667,4.34757,17.4049,20,3.14,20,4000
27.4095,105.667,4.34757,17.4354,20,3.14,20,4000
27.4575,105.667,4.34757,17.466,20,3.14,20,4000
27.5055,105.667,4.34757,17.4965,20,3.14,20,4000
27.5535,105.667,4.34757,17.527,20,3.14,20,4000
27.6015,105.667,4.34757,17.5576,20,3.14,20,4000
27.6495,105.667,4.34757,17.5881,20,3.14,20,4000
27.6975,105.667,4.34757,17.6186,20,3.14,20,4000
27.7455,105.667,4.34757,17.6492,20,3.14,20,4000
27.7935,105.667,4.34757,17.6797,20,3.14,20,4000
27.8415,105.667,4.34757,17.7102,20,3.14,20,4000
27.8895,105.667,4.34757,17.7408,20,3.14,20,4000
27.9375,105.667,4.34757,17.7713,20,3.14,20,4000
27.9855,105.667,4.34757,17.8018,20,3.14,20,4000
28.0335,105.667,4.34757,17.8324,20,3.14,20,4000
28.0815,105.667,4.34757,17.8629,20,3.14,20,4000
28.1295,105.667,4.34757,17.8934,20,3.14,20,4000
28.1775,105.667,4.34757,17.924,20,3.14,20,4000
28.2255,105.667,4.34757,17.9545,20,3.14,20,4000
28.2735,105.667,4.34757,17.985,20,3.14,20,4000
28.3215,105.667,4.34757,18.0156,20,3.14,20,4000
28.3695,105.667,4.34757,18.0461,20,3.14,20,4000
28.4175,105.667,4.34757,18.0766,20,3.14,20,4000
28.4655,105.667,4.34757,18.1072,20,3.14,20,4000
28.5135,105.667,4.34757,18.1377,20,3.14,20,4000
28.5615,105.667,4.34757,18.1682,20,3.14,20,4000
28.6095,105.667,4.34757,18.1988,20,3.14,20,4000
28.6575,105.667,4.34757,18.2293,20,3.14,20,4000
28.7055,105.667,4.34757,18.2598,20,3.14,20,4000
28.7535,105.667,4.34757,18.2904,20,3.14,20,4000
28.8015,105.667,4.34757,18.3209,20,3.14,20,4000
28.8495,105.667,4.34757,18.3514,20,3.14,20,4000
28.8975,105.667,4.34757,18.382,20,3.14,20,4000
28.9455,105.667,4.34757,18.4125,20,3.14,20,4000
28.9935,105.667,4.34757,18.443,20,3.14,20,4000
29.0415,105.667,4.34757,18.4736,20,3.14,20,4000
29.0895,105.667,4.34757,18.5041,20,3.14,20,4000
29.1375,105.667,4.34757,18.5346,20,3.14,20,4000
29.1855,105.667,4.34757,18.5652,20,3.14,20,4000
29.2335,105.667,4.34757,18.5957,20,3.14,20,4000
29.2815,105.667,4.34757,18.6262,20,3.14,20,4000
29.3295,105.667,4.34757,18.6568,20,3.14,20,4000
29.3775,105.667,4.34757,18.6873,20,3.14,20,4000
29.4255,105.667,4.34757,18.7178,20,3.14,20,4000
29.4735,105.667,4.34757,18.7484,20,3.14,20,4000
29.5215,105.667,4.34757,18.7789,20,3.14,20,4000
29.5695,105.667,4.34757,18.8094,20,3.14,20,4000
29.6175,105.667,4.34757,18.84,20,3.14,20,4000
29.6655,105.667,4.34757,18.8705,20,3.14,20,4000
29.7135,105.667,4.34757,18.901,20,3.14,20,4000
29.7615,105.667,4.34757,18.9316,20,3.14,20,4000
29.8095,105.667,4.34757,18.9621,20,3.14,20,4000
29.8575,105.667,4.34757,18.9926,20,3.14,20,4000
29.9055,105.667,4.34757,19.0232,20,3.14,20,4000
29.9535,105.667,4.34757,19.0537,20,3.14,20,4000
30.0015,105.667,4.34757,19.0842,20,3.14,20,4000
30.0495,105.667,4.34757,19.1148,20,3.14,20,4000
30.0975,105.667,4.34757,19.1453,20,3.14,20,4000
30.1445,105.667,4.34757,19.1751,20,3.14,20,4000
30.1925,105.667,4.34757,19.2057,20,3.14,20,4000
30.2329,105.667,4.34757,19.2314,20,3.14,20,4000
30.2809,105.667,4.34757,19.2619,20,3.14,20,4000
30.3284,105.667,4.34757,19.2921,20,3.14,20,4000
30.3724,105.667,4.34757,19.3201,20,3.14,20,4000
30.4131,105.667,4.34757,19.3461,20,3.14,20,4000
30.4611,105.667,4.34757,19.3766,20,3.14,20,4000
30.5091,105.667,4.34757,19.4071,20,3.14,20,4000
30.5557,105.667,4.34757,19.4367,20,3.14,20,4000
30.6029,105.667,4.34757,19.4668,20,3.14,20,4000
30.6509,105.667,4.34757,19.4973,20,3.14,20,4000
30.6989,105.667,4.34757,19.5279,20,3.14,20,4000
30.7469,105.667,4.34757,19.5584,20,3.14,20,4000
30.7949,105.667,4.34757,19.5889,20,3.14,20,4000
30.8429,105.667,4.34757,19.6195,20,3.14,20,4000
30.8909,105.667,4.34757,19.65,20,3.14,20,4000
30.9389,105.667,4.34757,19.6805,20,3.14,20,4000
30.9869,105.667,4.34757,19.7111,20,3.14,20,4000
31.0349,105.667,4.34757,19.7416,20,3.14,20,4000
31.0829,105.667,4.34757,19.7721,20,3.14,20,4000
31.1309,105.667,4.34757,19.8027,20,3.14,20,4000
31.1789,105.667,4.34757,19.8332,20,3.14,20,4000
31.2269,105.667,4.34757,19.8637,20,3.14,20,4000
31.2749,105.667,4.34757,19.8943,20,3.14,20,4000
31.3229,105.667,4.34757,19.9248,20,3.14,20,4000
31.3709,105.667,4.34757,19.9553,20,3.14,20,4000
31.4189,105.667,4.34757,19.9859,20,3.14,20,4000
31.4669,105.667,4.34757,20.0164,20,3.14,20,4000
31.5149,105.667,4.34757,20.0469,20,3.14,20,4000
31.5629,105.667,4.34757,20.0775,20,3.14,20,4000
31.6109,105.667,4.34757,20.108,20,3.14,20,4000
31.6589,105.667,4.34757,20.1385,20,3.14,20,4000
31.7069,105.667,4.34757,20.1691,20,3.14,20,4000
31.7549,105.667,4.34757,20.1996,20,3.14,20,4000
31.8029,105.667,4.34757,20.2301,20,3.14,20,4000
31.8509,105.667,4.34757,20.2607,20,3.14,20,4000
31.8989,105.667,4.34757,20.2912,20,3.14,20,4000
31.9469,105.667,4.34757,20.3217,20,3.14,20,4000
31.9949,105.667,4.34757,20.3523,20,3.14,20,4000
32.0429,105.667,4.34757,20.3828,20,3.14,20,4000
32.0909,105.667,4.34757,20.4133,20,3.14,20,4000
32.1389,105.667,4.34757,20.4439,20,3.14,20,4000
32.1869,105.667,4.34757,20.4744,20,3.14,20,4000
32.2349,105.667,4.34757,20.5049,20,3.14,20,4000
32.2829,105.667,4.34757,20.5355,20,3.14,20,4000
32.3309,105.667,4.34757,20.566,20,3.14,20,4000
32.3789,105.667,4.34757,20.5965,20,3.14,20,4000
32.4269,105.667,4.34757,20.6271,20,3.14,20,4000
32.4749,105.667,4.34757,20.6576,20,3.14,20,4000
32.5229,105.667,4.34757,20.6881,20,3.14,20,4000
32.5709,105.667,4.34757,20.7187,20,3.14,20,4000
32.6189,105.667,4.34757,20.7492,20,3.14,20,4000
32.6669,105.667,4.34757,20.7797,20,3.14,20,4000
32.7149,105.667,4.34757,20.8103,20,3.14,20,4000
32.7629,105.667,4.34757,20.8408,20,3.14,20,4000
32.8109,105.667,4.34757,20.8713,20,3.14,20,4000
32.8589,105.667,4.34757,20.9019,20,3.14,20,4000
32.9069,105.667,4.34757,20.9324,20,3.14,20,4000
32.9549,105.667,4.34757,20.9629,20,3.14,20,4000
33.0029,105.667,4.34757,20.9935,20,3.14,20,4000
33.0509,105.667,4.34757,21.024,20,3.14,20,4000
33.0989,105.667,4.34757,21.0545,20,3.14,20,4000
33.1469,105.667,4.34757,21.0851,20,3.14,20,4000
33.1949,105.667,4.34757,21.1156,20,3.14,20,4000
33.2429,105.667,4.34757,21.1461,20,3.14,20,4000
33.2909,105.667,4.34757,21.1767,20,3.14,20,4000
33.3389,105.667,4.34757,21.2072,20,3.14,20,4000
33.3869,105.667,4.34757,21.2377,20,3.14,20,4000
33.4349,105.667,4.34757,21.2683,20,3.14,20,4000
33.4829,105.667,4.34757,21.2988,20,3.14,20,4000
33.5309,105.667,4.34757,21.3293,20,3.14,20,4000
33.5789,105.667,4.34757,21.3598,20,3.14,20,4000
33.6269,105.667,4.34757,21.3904,20,3.14,20,4000
33.6749,105.667,4.34757,21.4209,20,3.14,20,4000
33.7229,105.667,4.34757,21.4515,20,3.14,20,4000
33.7709,105.667,4.34757,21.482,20,3.14,20,4000
33.8189,105.667,4.34757,21.5125,20,3.14,20,4000
33.8669,105.667,4.34757,21.5431,20,3.14,20,4000
33.9149,105.667,4.34757,21.5736,20,3.14,20,4000
33.9629,105.667,4.34757,21.6041,20,3.14,20,4000
34.0109,105.667,4.34757,21.6347,20,3.14,20,4000
34.0589,105.667,4.34757,21.6652,20,3.14,20,4000
34.1069,105.667,4.34757,21.6957,20,3.14,20,4000
34.1549,105.667,4.34757,21.7262,20,3.14,20,4000
34.2029,105.667,4.34757,21.7568,20,3.14,20,4000
34.2509,105.667,4.34757,21.7873,20,3.14,20,4000
34.2989,105.667,4.34757,21.8178,20,3.14,20,4000
34.3469,105.667,4.34757,21.8484,20,3.14,20,4000
34.3949,105.667,4.34757,21.8789,20,3.14,20,4000
34.4429,105.667,4.34757,21.9094,20,3.14,20,4000
34.4909,105.667,4.34757,21.94,20,3.14,20,4000
34.5389,105.667,4.34757,21.9705,20,3.14,20,4000
34.5869,105.667,4.34757,22.001,20,3.14,20,4000
34.6349,105.667,4.34757,22.0316,20,3.14,20,4000
34.6829,105.667,4.34757,22.0621,20,3.14,20,4000
34.7309,105.667,4.34757,22.0926,20,3.14,20,4000
34.7789,105.667,4.34757,22.1232,20,3.14,20,4000
34.8269,105.667,4.34757,22.1537,20,3.14,20,4000
34.8749,105.667,4.34757,22.1842,20,3.14,20,4000
34.9229,105.667,4.34757,22.2148,20,3.14,20,4000
34.9709,105.667,4.34757,22.2453,20,3.14,20,4000
35.0189,105.667,4.34757,22.2758,20,3.14,20,4000
35.0669,105.667,4.34757,22.3064,20,3.14,20,4000
35.1149,105.667,4.34757,22.3369,20,3.14,20,4000
35.1629,105.667,4.34757,22.3674,20,3.14,20,4000
35.2109,105.667,4.34757,22.398,20,3.14,20,4000
35.2589,105.667,4.34757,22.4285,20,3.14,20,4000
35.3069,105.667,4.34757,22.459,20,3.14,20,4000
35.3549,105.667,4.34757,22.4896,20,3.14,20,4000
35.4029,105.667,4.34757,22.5201,20,3.14,20,4000
35.4509,105.667,4.34757,22.5506,20,3.14,20,4000
35.4989,105.667,4.34757,22.5812,20,3.14,20,4000
35.5469,105.667,4.34757,22.6117,20,3.14,20,4000
35.5949,105.667,4.34757,22.6422,20,3.14,20,4000
35.6429,105.667,4.34757,22.6728,20,3.14,20,4000
35.6909,105.667,4.34757,22.7033,20,3.14,20,4000
35.7389,105.667,4.34757,22.7338,20,3.14,20,4000
35.7869,105.667,4.34757,22.7644,20,3.14,20,4000
35.8349,105.667,4.34757,22.7949,20,3.14,20,4000
35.8829,105.667,4.34757,22.8254,20,3.14,20,4000
35.9309,105.667,4.34757,22.856,20,3.14,20,4000
35.9789,105.667,4.34757,22.8865,20,3.14,20,4000
36.0269,105.667,4.34757,22.917,20,3.14,20,4000
36.0749,105.667,4.34757,22.9476,20,3.14,20,4000
36.1229,105.667,4.34757,22.9781,20,3.14,20,4000
36.1709,105.667,4.34757,23.0086,20,3.14,20,4000
36.2189,105.667,4.34757,23.0392,20,3.14,20,4000
36.2669,105.667,4.34757,23.0697,20,3.14,20,4000
36.3149,105.667,4.34757,23.1002,20,3.14,20,4000
36.3629,105.667,4.34757,23.1308,20,3.14,20,4000
36.4109,105.667,4.34757,23.1613,20,3.14,20,4000
36.4589,105.667,4.34757,23.1918,20,3.14,20,4000
36.5069,105.667,4.34757,23.2224,20,3.14,20,4000
36.5549,105.667,4.34757,23.2529,20,3.14,20,4000
36.6029,105.667,4.34757,23.2834,20,3.14,20,4000
36.6509,105.667,4.34757,23.314,20,3.14,20,4000
36.6989,105.667,4.34757,23.3445,20,3.14,20,4000
36.7469,105.667,4.34757,23.375,20,3.14,20,4000
36.7949,105.667,4.34757,23.4056,20,3.14,20,4000
36.8429,105.667,4.34757,23.4361,20,3.14,20,4000
36.8909,105.667,4.34757,23.4666,20,3.14,20,4000
36.9389,105.667,4.34757,23.4972,20,3.14,20,4000
36.9869,105.667,4.34757,23.5277,20,3.14,20,4000
37.0349,105.667,4.34757,23.5582,20,3.14,20,4000
37.0829,105.667,4.34757,23.5888,20,3.14,20,4000
37.1309,105.667,4.34757,23.6193,20,3.14,20,4000
37.1789,105.667,4.34757,23.6498,20,3.14,20,4000
37.2269,105.667,4.34757,23.6804,20,3.14,20,4000
37.2749,105.667,4.34757,23.7109,20,3.14,20,4000
37.3229,105.667,4.34757,23.7414,20,3.14,20,4000
37.3709,105.667,4.34757,23.772,20,3.14,20,4000
37.4189,105.667,4.34757,23.8025,20,3.14,20,4000
37.4669,105.667,4.34757,23.833,20,3.14,20,4000
37.5149,105.667,4.34757,23.8636,20,3.14,20,4000
37.5629,105.667,4.34757,23.8941,20,3.14,20,4000
37.6109,105.667,4.34757,23.9246,20,3.14,20,4000
37.6589,105.667,4.34757,23.9552,20,3.14,20,4000
37.7069,105.667,4.34757,23.9857,20,3.14,20,4000
37.7549,105.667,4.34757,24.0162,20,3.14,20,4000
37.8029,105.667,4.34757,24.0468,20,3.14,20,4000
37.8509,105.667,4.34757,24.0773,20,3.14,20,4000
37.8989,105.667,4.34757,24.1078,20,3.14,20,4000
37.9469,105.667,4.34757,24.1384,20,3.14,20,4000
37.9949,105.667,4.34757,24.1689,20,3.14,20,4000
38.0429,105.667,4.34757,24.1994,20,3.14,20,4000
38.0909,105.667,4.34757,24.23,20,3.14,20,4000
38.1389,105.667,4.34757,24.2605,20,3.14,20,4000
38.1869,105.667,4.34757,24.291,20,3.14,20,4000
38.2349,105.667,4.34757,24.3216,20,3.14,20,4000
38.2829,105.667,4.34757,24.3521,20,3.14,20,4000
38.3309,105.667,4.34757,24.3826,20,3.14,20,4000
38.3789,105.667,4.34757,24.4132,20,3.14,20,4000
38.4269,105.667,4.34757,24.4437,20,3.14,20,4000
38.4749,105.667,4.34757,24.4742,20,3.14,20,4000
38.5229,105.667,4.34757,24.5048,20,3.14,20,4000
38.5709,105.667,4.34757,24.5353,20,3.14,20,4000
38.6189,105.667,4.34757,24.5658,20,3.14,20,4000
38.6669,105.667,4.34757,24.5964,20,3.14,20,4000
38.7149,105.667,4.34757,24.6269,20,3.14,20,4000
38.7629,105.667,4.34757,24.6574,20,3.14,20,4000
38.8109,105.667,4.34757,24.688,20,3.14,20,4000
38.8589,105.667,4.34757,24.7185,20,3.14,20,4000
38.9069,105.667,4.34757,24.749,20,3.14,20,4000
38.9549,105.667,4.34757,24.7796,20,3.14,20,4000
39.0029,105.667,4.34757,24.8101,20,3.14,20,4000
39.0509,105.667,4.34757,24.8406,20,3.14,20,4000
39.0989,105.667,4.34757,24.8712,20,3.14,20,4000
39.1469,105.667,4.34757,24.9017,20,3.14,20,4000
39.1949,105.667,4.34757,24.9322,20,3.14,20,4000
39.2429,105.667,4.34757,24.9628,20,3.14,20,4000
39.2909,105.667,4.34757,24.9933,20,3.14,20,4000
39.3389,105.667,4.34757,25.0238,20,3.14,20,4000
39.3869,105.667,4.34757,25.0544,20,3.14,20,4000
39.4349,105.667,4.34757,25.0849,20,3.14,20,4000
39.4829,105.667,4.34757,25.1154,20,3.14,20,4000
39.5309,105.667,4.34757,25.146,20,3.14,20,4000
39.5789,105.667,4.34757,25.1765,20,3.14,20,4000
39.6269,105.667,4.34757,25.207,20,3.14,20,4000
39.6749,105.667,4.34757,25.2376,20,3.14,20,4000
39.7229,105.667,4.34757,25.2681,20,3.14,20,4000
39.7709,105.667,4.34757,25.2986,20,3.14,20,4000
39.8189,105.667,4.34757,25.3292,20,3.14,20,4000
39.8669,105.667,4.34757,25.3597,20,3.14,20,4000
39.9149,105.667,4.34757,25.3902,20,3.14,20,4000
39.9629,105.667,4.34757,25.4208,20,3.14,20,4000
40.0109,105.667,4.34757,25.4513,20,3.14,20,4000
40.0589,105.667,4.34757,25.4818,20,3.14,20,4000
40.1069,105.667,4.34757,25.5124,20,3.14,20,4000
40.1549,105.667,4.34757,25.5429,20,3.14,20,4000
40.2029,105.667,4.34757,25.5734,20,3.14,20,4000
40.2509,105.667,4.34757,25.604,20,3.14,20,4000
40.2989,105.667,4.34757,25.6345,20,3.14,20,4000
40.3469,105.667,4.34757,25.665,20,3.14,20,4000
40.3949,105.667,4.34757,25.6956,20,3.14,20,4000
40.4429,105.667,4.34757,25.7261,20,3.14,20,4000
40.4909,105.667,4.34757,25.7566,20,3.14,20,4000
40.5389,105.667,4.34757,25.7872,20,3.14,20,4000
40.5869,105.667,4.34757,25.8177,20,3.14,20,4000
40.6349,105.667,4.34757,25.8482,20,3.14,20,4000
40.6829,105.667,4.34757,25.8788,20,3.14,20,4000
40.7309,105.667,4.34757,25.9093,20,3.14,20,4000
40.7789,105.667,4.34757,25.9398,20,3.14,20,4000
40.8269,105.667,4.34757,25.9704,20,3.14,20,4000
40.8749,105.667,4.34757,26.0009,20,3.14,20,4000
40.9229,105.667,4.34757,26.0314,20,3.14,20,4000
40.9709,105.667,4.34757,26.062,20,3.14,20,4000
41.0189,105.667,4.34757,26.0925,20,3.14,20,4000
41.0669,105.667,4.34757,26.123,20,3.14,20,4000
41.1149,105.667,4.34757,26.1536,20,3.14,20,4000
41.1629,105.667,4.34757,26.1841,20,3.14,20,4000
41.2109,105.667,4.34757,26.2146,20,3.14,20,4000
41.2589,105.667,4.34757,26.2452,20,3.14,20,4000
41.3069,105.667,4.34757,26.2757,20,3.14,20,4000
41.3549,105.667,4.34757,26.3062,20,3.14,20,4000
41.4029,105.667,4.34757,26.3368,20,3.14,20,4000
41.4509,105.667,4.34757,26.3673,20,3.14,20,4000
41.4989,105.667,4.34757,26.3978,20,3.14,20,4000
41.5469,105.667,4.34757,26.4284,20,3.14,20,4000
41.5949,105.667,4.34757,26.4589,20,3.14,20,4000
41.6429,105.667,4.34757,26.4894,20,3.14,20,4000
41.6909,105.667,4.34757,26.52,20,3.14,20,4000
41.7389,105.667,4.34757,26.5505,20,3.14,20,4000
41.7869,105.667,4.34757,26.581,20,3.14,20,4000
41.8349,105.667,4.34757,26.6116,20,3.14,20,4000
41.8829,105.667,4.34757,26.6421,20,3.14,20,4000
41.9309,105.667,4.34757,26.6726,20,3.14,20,4000
41.9789,105.667,4.34757,26.7032,20,3.14,20,4000
42.0269,105.667,4.34757,26.7337,20,3.14,20,4000
42.0749,105.667,4.34757,26.7642,20,3.14,20,4000
42.1229,105.667,4.34757,26.7948,20,3.14,20,4000
42.1709,105.667,4.34757,26.8253,20,3.14,20,4000
42.2189,105.667,4.34757,26.8558,20,3.14,20,4000
42.2669,105.667,4.34757,26.8864,20,3.14,20,4000
42.3149,105.667,4.34757,26.9169,20,3.14,20,4000
42.3629,105.667,4.34757,26.9474,20,3.14,20,4000
42.4109,105.667,4.34757,26.978,20,3.14,20,4000
42.4589,105.667,4.34757,27.0085,20,3.14,20,4000
42.5069,105.667,4.34757,27.039,20,3.14,20,4000
42.5549,105.667,4.34757,27.0696,20,3.14,20,4000
42.6029,105.667,4.34757,27.1001,20,3.14,20,4000
42.6509,105.667,4.34757,27.1306,20,3.14,20,4000
42.6989,105.667,4.34757,27.1612,20,3.14,20,4000
42.7469,105.667,4.34757,27.1917,20,3.14,20,4000
42.7949,105.667,4.34757,27.2222,20,3.14,20,4000
42.8429,105.667,4.34757,27.2528,20,3.14,20,4000
42.8909,105.667,4.34757,27.2833,20,3.14,20,4000
42.9389,105.667,4.34757,27.3138,20,3.14,20,4000
42.9869,105.667,4.34757,27.3444,20,3.14,20,4000
43.0349,105.667,4.34757,27.3749,20,3.14,20,4000
43.0829,105.667,4.34757,27.4054,20,3.14,20,4000
43.1309,105.667,4.34757,27.436,20,3.14,20,4000
43.1789,105.667,4.34757,27.4665,20,3.14,20,4000
43.2269,105.667,4.34757,27.497,20,3.14,20,4000
43.2749,105.667,4.34757,27.5276,20,3.14,20,4000
43.3229,105.667,4.34757,27.5581,20,3.14,20,4000
43.3709,105.667,4.34757,27.5886,20,3.14,20,4000
43.4189,105.667,4.34757,27.6192,20,3.14,20,4000
43.4669,105.667,4.34757,27.6497,20,3.14,20,4000
43.5149,105.667,4.34757,27.6802,20,3.14,20,4000
43.5629,105.667,4.34757,27.7108,20,3.14,20,4000
43.6109,105.667,4.34757,27.7413,20,3.14,20,4000
43.6589,105.667,4.34757,27.7718,20,3.14,20,4000
43.7069,105.667,4.34757,27.8024,20,3.14,20,4000
43.7549,105.667,4.34757,27.8329,20,3.14,20,4000
43.8029,105.667,4.34757,27.8634,20,3.14,20,4000
43.8509,105.667,4.34757,27.894,20,3.14,20,4000
43.8989,105.667,4.34757,27.9245,20,3.14,20,4000
43.9469,105.667,4.34757,27.955,20,3.14,20,4000
43.9949,105.667,4.34757,27.9856,20,3.14,20,4000
44.0429,105.667,4.34757,28.0161,20,3.14,20,4000
44.0909,105.667,4.34757,28.0466,20,3.14,20,4000
44.1389,105.667,4.34757,28.0772,20,3.14,20,4000
44.1869,105.667,4.34757,28.1077,20,3.14,20,4000
44.2349,105.667,4.34757,28.1382,20,3.14,20,4000
44.2829,105.667,4.34757,28.1688,20,3.14,20,4000
44.3309,105.667,4.34757,28.1993,20,3.14,20,4000
44.3789,105.667,4.34757,28.2298,20,3.14,20,4000
44.4269,105.667,4.34757,28.2604,20,3.14,20,4000
44.4749,105.667,4.34757,28.2909,20,3.14,20,4000
44.5229,105.667,4.34757,28.3214,20,3.14,20,4000
44.5709,105.667,4.34757,28.352,20,3.14,20,4000
44.6189,105.667,4.34757,28.3825,20,3.14,20,4000
44.6669,105.667,4.34757,28.413,20,3.14,20,4000
44.7149,105.667,4.34757,28.4436,20,3.14,20,4000
44.7629,105.667,4.34757,28.4741,20,3.14,20,4000
44.8109,105.667,4.34757,28.5046,20,3.14,20,4000
44.8589,105.667,4.34757,28.5352,20,3.14,20,4000
44.9069,105.667,4.34757,28.5657,20,3.14,20,4000
44.9549,105.667,4.34757,28.5962,20,3.14,20,4000
45.0029,105.667,4.34757,28.6268,20,3.14,20,4000
45.0509,105.667,4.34757,28.6573,20,3.14,20,4000
45.0989,105.667,4.34757,28.6878,20,3.14,20,4000
45.1469,105.667,4.34757,28.7184,20,3.14,20,4000
45.1949,105.667,4.34757,28.7489,20,3.14,20,4000
45.2429,105.667,4.34757,28.7794,20,3.14,20,4000
45.2909,105.667,4.34757,28.81,20,3.14,20,4000
45.3389,105.667,4.34757,28.8405,20,3.14,20,4000
45.3869,105.667,4.34757,28.871,20,3.14,20,4000
45.4349,105.667,4.34757,28.9016,20,3.14,20,4000
45.4829,105.667,4.34757,28.9321,20,3.14,20,4000
45.5309,105.667,4.34757,28.9626,20,3.14,20,4000
45.5789,105.667,4.34757,28.9932,20,3.14,20,4000
45.6269,105.667,4.34757,29.0237,20,3.14,20,4000
45.6749,105.667,4.34757,29.0542,20,3.14,20,4000
45.7229,105.667,4.34757,29.0848,20,3.14,20,4000
45.7709,105.667,4.34757,29.1153,20,3.14,20,4000
45.8189,105.667,4.34757,29.1458,20,3.14,20,4000
45.8669,105.667,4.34757,29.1764,20,3.14,20,4000
45.9149,105.667,4.34757,29.2069,20,3.14,20,4000
45.9629,105.667,4.34757,29.2374,20,3.14,20,4000
46.0109,105.667,4.34757,29.268,20,3.14,20,4000
46.0589,105.667,4.34757,29.2985,20,3.14,20,4000
46.1069,105.667,4.34757,29.329,20,3.14,20,4000
46.1549,105.667,4.34757,29.3596,20,3.14,20,4000
46.2029,105.667,4.34757,29.3901,20,3.14,20,4000
46.2509,105.667,4.34757,29.4206,20,3.14,20,4000
46.2989,105.667,4.34757,29.4512,20,3.14,20,4000
46.3469,105.667,4.34757,29.4817,20,3.14,20,4000
46.3949,105.667,4.34757,29.5122,20,3.14,20,4000
46.4429,105.667,4.34757,29.5428,20,3.14,20,4000
46.4909,105.667,4.34757,29.5733,20,3.14,20,4000
46.5389,105.667,4.34757,29.6038,20,3.14,20,4000
46.5869,105.667,4.34757,29.6344,20,3.14,20,4000
46.6349,105.667,4.34757,29.6649,20,3.14,20,4000
46.6829,105.667,4.34757,29.6954,20,3.14,20,4000
46.7309,105.667,4.34757,29.726,20,3.14,20,4000
46.7789,105.667,4.34757,29.7565,20,3.14,20,4000
46.8269,105.667,4.34757,29.787,20,3.14,20,4000
46.8749,105.667,4.34757,29.8176,20,3.14,20,4000
46.9229,105.667,4.34757,29.8481,20,3.14,20,4000
46.9709,105.667,4.34757,29.8786,20,3.14,20,4000
47.0189,105.667,4.34757,29.9092,20,3.14,20,4000
47.0669,105.667,4.34757,29.9397,20,3.14,20,4000
47.1149,105.667,4.34757,29.9702,20,3.14,20,4000
47.1629,105.667,4.34757,30.0008,20,3.14,20,4000
47.2109,105.667,4.34757,30.0313,20,3.14,20,4000
47.2589,105.667,4.34757,30.0618,20,3.14,20,4000
47.3069,105.667,4.34757,30.0924,20,3.14,20,4000
47.3549,105.667,4.34757,30.1229,20,3.14,20,4000
47.4029,105.667,4.34757,30.1534,20,3.14,20,4000
47.4509,105.667,4.34757,30.1839,20,3.14,20,4000
47.4989,105.667,4.34757,30.2145,20,3.14,20,4000
47.5469,105.667,4.34757,30.245,20,3.14,20,4000
47.5949,105.667,4.34757,30.2755,20,3.14,20,4000
47.6429,105.667,4.34757,30.3061,20,3.14,20,4000
47.6909,105.667,4.34757,30.3366,20,3.14,20,4000
47.7389,105.667,4.34757,30.3671,20,3.14,20,4000
47.7869,105.667,4.34757,30.3977,20,3.14,20,4000
47.8349,105.667,4.34757,30.4282,20,3.14,20,4000
47.8829,105.667,4.34757,30.4587,20,3.14,20,4000
47.9309,105.667,4.34757,30.4893,20,3.14,20,4000
47.9789,105.667,4.34757,30.5198,20,3.14,20,4000
48.0269,105.667,4.34757,30.5503,20,3.14,20,4000
48.0749,105.667,4.34757,30.5809,20,3.14,20,4000
48.1229,105.667,4.34757,30.6114,20,3.14,20,4000
48.1709,105.667,4.34757,30.6419,20,3.14,20,4000
48.2189,105.667,4.34757,30.6725,20,3.14,20,4000
48.2669,105.667,4.34757,30.703,20,3.14,20,4000
48.3149,105.667,4.34757,30.7335,20,3.14,20,4000
48.3629,105.667,4.34757,30.7641,20,3.14,20,4000
48.4109,105.667,4.34757,30.7946,20,3.14,20,4000
48.4589,105.667,4.34757,30.8251,20,3.14,20,4000
48.5069,105.667,4.34757,30.8557,20,3.14,20,4000
48.5549,105.667,4.34757,30.8862,20,3.14,20,4000
48.6029,105.667,4.34757,30.9167,20,3.14,20,4000
48.6509,105.667,4.34757,30.9473,20,3.14,20,4000
48.6989,105.667,4.34757,30.9778,20,3.14,20,4000
48.7469,105.667,4.34757,31.0083,20,3.14,20,4000
48.7949,105.667,4.34757,31.0389,20,3.14,20,4000
48.8429,105.667,4.34757,31.0694,20,3.14,20,4000
48.8909,105.667,4.34757,31.0999,20,3.14,20,4000
48.9389,105.667,4.34757,31.1305,20,3.14,20,4000
48.9869,105.667,4.34757,31.161,20,3.14,20,4000
49.0349,105.667,4.34757,31.1915,20,3.14,20,4000
49.0829,105.667,4.34757,31.2221,20,3.14,20,4000
49.1309,105.667,4.34757,31.2526,20,3.14,20,4000
49.1789,105.667,4.34757,31.2831,20,3.14,20,4000
49.2269,105.667,4.34757,31.3137,20,3.14,20,4000
49.2749,105.667,4.34757,31.3442,20,3.14,20,4000
49.3229,105.667,4.34757,31.3747,20,3.14,20,4000
49.3709,105.667,4.34757,31.4053,20,3.14,20,4000
49.4189,105.667,4.34757,31.4358,20,3.14,20,4000
49.4669,105.667,4.34757,31.4663,20,3.14,20,4000
49.5149,105.667,4.34757,31.4969,20,3.14,20,4000
49.5629,105.667,4.34757,31.5274,20,3.14,20,4000
49.6109,105.667,4.34757,31.5579,20,3.14,20,4000
49.6589,105.667,4.34757,31.5885,20,3.14,20,4000
49.7069,105.667,4.34757,31.619,20,3.14,20,4000
49.7549,105.667,4.34757,31.6495,20,3.14,20,4000
49.8029,105.667,4.34757,31.6801,20,3.14,20,4000
49.8509,105.667,4.34757,31.7106,20,3.14,20,4000
49.8989,105.667,4.34757,31.7411,20,3.14,20,4000
49.9469,105.667,4.34757,31.7717,20,3.14,20,4000
49.9949,105.667,4.34757,31.8022,20,3.14,20,4000
50.0429,105.667,4.34757,31.8327,20,3.14,20,4000
50.0909,105.667,4.34757,31.8633,20,3.14,20,4000
50.1389,105.667,4.34757,31.8938,20,3.14,20,4000
50.1869,105.667,4.34757,31.9243,20,3.14,20,4000
50.2349,105.667,4.34757,31.9549,20,3.14,20,4000
50.2829,105.667,4.34757,31.9854,20,3.14,20,4000
50.3309,105.667,4.34757,32.0159,20,3.14,20,4000
50.3789,105.667,4.34757,32.0465,20,3.14,20,4000
50.4269,105.667,4.34757,32.077,20,3.14,20,4000
50.4749,105.667,4.34757,32.1075,20,3.14,20,4000
50.5229,105.667,4.34757,32.1381,20,3.14,20,4000
50.5709,105.667,4.34757,32.1686,20,3.14,20,4000
50.6189,105.667,4.34757,32.1991,20,3.14,20,4000
50.6669,105.667,4.34757,32.2297,20,3.14,20,4000
50.7149,105.667,4.34757,32.2602,20,3.14,20,4000
50.7629,105.667,4.34757,32.2907,20,3.14,20,4000
50.8109,105.667,4.34757,32.3213,20,3.14,20,4000
50.8589,105.667,4.34757,32.3518,20,3.14,20,4000
50.9069,105.667,4.34757,32.3823,20,3.14,20,4000
50.9549,105.667,4.34757,32.4129,20,3.14,20,4000
51.0029,105.667,4.34757,32.4434,20,3.14,20,4000
51.0509,105.667,4.34757,32.4739,20,3.14,20,4000
51.0989,105.667,4.34757,32.5045,20,3.14,20,4000
51.1469,105.667,4.34757,32.535,20,3.14,20,4000
51.1949,105.667,4.34757,32.5655,20,3.14,20,4000
51.2429,105.667,4.34757,32.5961,20,3.14,20,4000
51.2909,105.667,4.34757,32.6266,20,3.14,20,4000
51.3389,105.667,4.34757,32.6571,20,3.14,20,4000
51.3869,105.667,4.34757,32.6877,20,3.14,20,4000
51.4349,105.667,4.34757,32.7182,20,3.14,20,4000
51.4829,105.667,4.34757,32.7487,20,3.14,20,4000
51.5309,105.667,4.34757,32.7793,20,3.14,20,4000
51.5789,105.667,4.34757,32.8098,20,3.14,20,4000
51.6269,105.667,4.34757,32.8403,20,3.14,20,4000
51.6749,105.667,4.34757,32.8709,20,3.14,20,4000
51.7229,105.667,4.34757,32.9014,20,3.14,20,4000
51.7709,105.667,4.34757,32.9319,20,3.14,20,4000
51.8189,105.667,4.34757,32.9625,20,3.14,20,4000
51.8669,105.667,4.34757,32.993,20,3.14,20,4000
51.9149,105.667,4.34757,33.0235,20,3.14,20,4000
51.9629,105.667,4.34757,33.0541,20,3.14,20,4000
52.0109,105.667,4.34757,33.0846,20,3.14,20,4000
52.0589,105.667,4.34757,33.1151,20,3.14,20,4000
52.1069,105.667,4.34757,33.1457,20,3.14,20,4000
52.1549,105.667,4.34757,33.1762,20,3.14,20,4000
52.2029,105.667,4.34757,33.2067,20,3.14,20,4000
52.2509,105.667,4.34757,33.2373,20,3.14,20,4000
52.2989,105.667,4.34757,33.2678,20,3.14,20,4000
52.3469,105.667,4.34757,33.2983,20,3.14,20,4000
52.3949,105.667,4.34757,33.3289,20,3.14,20,4000
52.4429,105.667,4.34757,33.3594,20,3.14,20,4000
52.4909,105.667,4.34757,33.3899,20,3.14,20,4000
52.5389,105.667,4.34757,33.4205,20,3.14,20,4000
52.5869,105.667,4.34757,33.451,20,3.14,20,4000
52.6349,105.667,4.34757,33.4815,20,3.14,20,4000
52.6829,105.667,4.34757,33.5121,20,3.14,20,4000
52.7309,105.667,4.34757,33.5426,20,3.14,20,4000
52.7789,105.667,4.34757,33.5731,20,3.14,20,4000
52.8269,105.667,4.34757,33.6037,20,3.14,20,4000
52.8749,105.667,4.34757,33.6342,20,3.14,20,4000
52.9229,105.667,4.34757,33.6647,20,3.14,20,4000
52.9709,105.667,4.34757,33.6953,20,3.14,20,4000
53.0189,105.667,4.34757,33.7258,20,3.14,20,4000
53.0669,105.667,4.34757,33.7563,20,3.14,20,4000
53.1149,105.667,4.34757,33.7869,20,3.14,20,4000
53.1629,105.667,4.34757,33.8174,20,3.14,20,4000
53.2109,105.667,4.34757,33.8479,20,3.14,20,4000
53.2589,105.667,4.34757,33.8785,20,3.14,20,4000
53.3069,105.667,4.34757,33.909,20,3.14,20,4000
53.3549,105.667,4.34757,33.9395,20,3.14,20,4000
53.4029,105.667,4.34757,33.9701,20,3.14,20,4000
53.4509,105.667,4.34757,34.0006,20,3.14,20,4000
53.4989,105.667,4.34757,34.0311,20,3.14,20,4000
53.5469,105.667,4.34757,34.0617,20,3.14,20,4000
53.5949,105.667,4.34757,34.0922,20,3.14,20,4000
53.6429,105.667,4.34757,34.1227,20,3.14,20,4000
53.6909,105.667,4.34757,34.1533,20,3.14,20,4000
53.7389,105.667,4.34757,34.1838,20,3.14,20,4000
53.7869,105.667,4.34757,34.2143,20,3.14,20,4000
53.8349,105.667,4.34757,34.2449,20,3.14,20,4000
53.8829,105.667,4.34757,34.2754,20,3.14,20,4000
53.9309,105.667,4.34757,34.3059,20,3.14,20,4000
53.9789,105.667,4.34757,34.3365,20,3.14,20,4000
54.0269,105.667,4.34757,34.367,20,3.14,20,4000
54.0749,105.667,4.34757,34.3975,20,3.14,20,4000
54.1229,105.667,4.34757,34.4281,20,3.14,20,4000
54.1709,105.667,4.34757,34.4586,20,3.14,20,4000
54.2189,105.667,4.34757,34.4891,20,3.14,20,4000
54.2669,105.667,4.34757,34.5197,20,3.14,20,4000
54.3149,105.667,4.34757,34.5502,20,3.14,20,4000
54.3629,105.667,4.34757,34.5807,20,3.14,20,4000
54.4109,105.667,4.34757,34.6113,20,3.14,20,4000
54.4589,105.667,4.34757,34.6418,20,3.14,20,4000
54.5069,105.667,4.34757,34.6723,20,3.14,20,4000
54.5549,105.667,4.34757,34.7029,20,3.14,20,4000
54.6029,105.667,4.34757,34.7334,20,3.14,20,4000
54.6509,105.667,4.34757,34.7639,20,3.14,20,4000
54.6989,105.667,4.34757,34.7945,20,3.14,20,4000
54.7469,105.667,4.34757,34.825,20,3.14,20,4000
54.7949,105.667,4.34757,34.8555,20,3.14,20,4000
54.8429,105.667,4.34757,34.8861,20,3.14,20,4000
54.8909,105.667,4.34757,34.9166,20,3.14,20,4000
54.9389,105.667,4.34757,34.9471,20,3.14,20,4000
54.9869,105.667,4.34757,34.9777,20,3.14,20,4000
55.0349,105.667,4.34757,35.0082,20,3.14,20,4000
55.0829,105.667,4.34757,35.0387,20,3.14,20,4000
55.1309,105.667,4.34757,35.0693,20,3.14,20,4000
55.1789,105.667,4.34757,35.0998,20,3.14,20,4000
55.2269,105.667,4.34757,35.1303,20,3.14,20,4000
55.2749,105.667,4.34757,35.1609,20,3.14,20,4000
55.3229,105.667,4.34757,35.1914,20,3.14,20,4000
55.3709,105.667,4.34757,35.2219,20,3.14,20,4000
55.4189,105.667,4.34757,35.2525,20,3.14,20,4000
55.4669,105.667,4.34757,35.283,20,3.14,20,4000
55.5149,105.667,4.34757,35.3135,20,3.14,20,4000
55.5629,105.667,4.34757,35.3441,20,3.14,20,4000
55.6109,105.667,4.34757,35.3746,20,3.14,20,4000
55.6589,105.667,4.34757,35.4051,20,3.14,20,4000
55.7069,105.667,4.34757,35.4357,20,3.14,20,4000
55.7549,105.667,4.34757,35.4662,20,3.14,20,4000
55.8029,105.667,4.34757,35.4967,20,3.14,20,4000
55.8509,105.667,4.34757,35.5273,20,3.14,20,4000
55.8989,105.667,4.34757,35.5578,20,3.14,20,4000
55.9469,105.667,4.34757,35.5883,20,3.14,20,4000
55.9949,105.667,4.34757,35.6189,20,3.14,20,4000
56.0429,105.667,4.34757,35.6494,20,3.14,20,4000
56.0909,105.667,4.34757,35.6799,20,3.14,20,4000
