sim_time,accel_med,speed_med
0.0150,9.165,8.2297
0.0750,8.790,8.5883
0.1350,8.329,8.9414
0.1950,7.869,9.2946
0.2550,7.689,9.6679
0.3150,7.869,10.0411
0.3750,8.130,10.3178
0.4350,8.239,10.5946
0.4950,8.054,10.8690
0.5550,8.239,11.1435
0.6150,8.279,11.4992
0.6750,8.318,11.8550
0.7350,8.354,12.1840
0.7950,8.391,12.5130
0.8550,8.590,12.8954
0.9150,8.790,13.2778
0.9750,9.243,13.8692
1.0350,9.243,14.3622
1.0950,9.243,15.0543
1.1550,9.243,15.7280
1.2150,9.243,16.5291
1.2750,9.243,17.2332
1.3350,9.243,17.7675
1.3950,9.243,18.4732
1.4550,9.243,19.3258
1.5150,9.524,19.9875
1.5750,14.038,20.6538
1.6350,16.367,21.2471
1.6950,16.503,22.1269
1.7550,17.783,22.8738
1.8150,23.637,24.0206
1.8750,91.306,26.2963
1.9350,138.000,28.2821
1.9950,302.597,30.2057
2.0550,428.428,30.5397
2.1150,487.798,34.5729
2.1750,503.638,45.9302
2.2350,504.956,56.5244
2.2950,536.895,56.6123
2.3550,554.396,56.9618
2.4150,605.377,57.4624
2.4750,606.553,57.8946
2.5350,606.553,58.0191
2.5950,606.553,58.2530
2.6550,607.807,58.5090
2.7150,616.036,58.5983
2.7750,623.928,58.6047
2.8350,623.928,71.4812
2.8950,631.886,72.0679
2.9550,631.886,72.1362
3.0150,634.837,72.1362
3.0750,649.406,72.1362
3.1350,673.804,72.4000
3.1950,679.146,72.4000
3.2550,679.258,72.4000
3.3150,680.499,72.4000
3.3750,688.419,72.5381
3.4350,692.236,73.6940
3.4950,697.633,74.8150
3.5550,700.281,74.9481
3.6150,700.281,74.9845
3.6750,700.485,75.2107
3.7350,700.899,75.5337
3.7950,712.609,76.7976
3.8550,721.274,76.8677
3.9150,769.092,78.3727
3.9750,784.629,79.0925
4.0350,980.438,79.3043
4.0925,1325.980,80.3912
4.1421,1742.400,80.3912
4.1858,1742.400,81.7510
4.2268,1765.310,81.7510
4.2703,1890.140,81.7510
4.3158,1918.280,87.5442
4.3588,1918.280,88.7826
4.4000,1918.280,88.7826
4.4390,1918.280,88.7826
4.4760,1955.590,90.0373
4.5195,1982.070,90.3198
4.5645,1982.070,90.9641
4.6069,1982.070,96.5698
4.6519,1990.570,97.2108
4.6967,2030.700,98.4750
4.7382,2030.700,99.8374
4.7809,2030.700,99.8564
4.8287,2030.700,99.8564
4.8762,1990.570,102.4890
4.9216,1990.570,103.8450
4.9668,1982.070,103.8530
5.0115,1956.520,103.9420
5.0577,1956.520,106.3800
5.1037,1956.520,107.2180
5.1455,1956.520,107.5610
5.1886,1956.520,109.1040
5.2362,1955.590,109.9390
5.2875,1918.280,112.3460
5.3309,1899.650,113.5700
5.3723,1890.140,113.7030
5.4203,1887.260,120.4930
5.4669,1883.720,121.7430
5.5130,1883.720,122.5820
5.5592,1887.260,122.5820
5.6042,1887.260,125.1720
5.6497,1883.720,125.1720
5.6958,1879.500,126.1910
5.7389,1869.140,126.8620
5.7829,1883.720,126.9000
5.8264,1883.720,127.0130
5.8704,1883.720,127.1400
5.9180,1883.720,127.1400
5.9655,1883.720,127.1400
6.0144,1883.720,128.4210
6.0630,1868.220,128.4210
6.1114,1868.220,128.4210
6.1588,1883.720,129.0890
6.2059,1883.720,129.1060
6.2505,1902.380,129.1290
6.2952,1919.380,129.2590
6.3452,1919.380,129.4490
6.3912,1919.380,129.4490
6.4361,1957.570,129.4490
6.4811,1957.570,129.4490
6.5262,1957.570,129.4490
6.5698,1957.570,129.4490
6.6132,1957.570,129.4490
6.6617,1996.570,129.4490
6.7111,2089.770,129.1060
6.7588,2096.930,129.1060
6.8054,2126.380,127.2100
6.8487,2129.670,126.2340
6.8904,2154.370,124.2780
6.9269,2233.200,124.2600
6.9636,2334.140,124.2600
7.0006,2340.190,123.6730
7.0428,2340.190,122.5250
7.0837,2389.840,120.0970
7.1216,2389.840,117.2850
7.1625,2389.840,117.1700
7.2029,2429.420,116.0230
7.2398,2446.700,114.8940
7.2774,2458.860,113.8620
7.3149,2458.860,113.6510
7.3519,2459.820,110.3340
7.3911,2616.140,108.2610
7.4329,2616.140,106.5260
7.4721,2616.140,106.4590
7.5078,2600.860,106.2920
7.5431,2486.250,106.2880
7.5822,2486.250,102.7360
7.6226,2486.250,101.3260
7.6641,2486.250,101.1320
7.7049,2486.250,100.1680
7.7472,2520.550,100.1680
7.7899,2520.550,100.1680
7.8288,2520.550,99.6614
7.8676,2486.250,99.6614
7.9091,2458.860,99.6614
7.9467,2458.860,99.6614
7.9790,2450.150,99.1523
8.0150,2450.150,99.0734
8.0545,2450.150,98.0823
8.0953,2450.150,97.8744
8.1371,2450.150,97.8744
8.1769,2450.150,97.8744
8.1974,2446.700,97.8744
8.2113,2450.150,97.8744
8.2570,2450.150,98.0823
8.3028,2450.150,99.0734
8.3453,2450.150,99.0734
8.3959,2458.860,99.1523
8.4447,2450.150,99.1523
8.4859,2347.090,100.0360
8.5251,2450.150,101.1320
8.5666,2450.150,101.4110
8.6108,2347.090,101.6400
8.6557,2347.090,101.6400
8.7022,2347.090,102.0500
8.7408,2388.200,102.0500
8.7805,2388.200,102.3190
8.8264,2358.150,102.5430
8.8708,2358.150,103.0430
8.9079,2358.150,103.0780
8.9497,2358.150,103.0790
8.9935,2358.150,103.5600
9.0330,2388.200,103.6470
9.0765,2450.150,105.9580
9.1221,2459.720,105.9580
9.1609,2561.720,105.9580
9.1979,2459.720,105.9580
9.2415,2459.720,107.4380
9.2811,2561.720,107.5180
9.3154,2595.100,107.8370
9.3525,2561.720,108.2820
9.3959,2561.720,108.2290
9.4371,2590.920,107.8370
9.4740,2590.920,107.5180
9.5138,2561.720,107.5180
9.5563,2445.210,107.5180
9.5957,2445.210,107.4380
9.6311,2561.720,106.0420
9.6694,2590.920,105.9580
9.7112,2595.100,105.9580
9.7500,2658.080,104.6010
9.7932,2658.080,104.6010
9.8359,2658.080,104.6010
9.8704,2717.840,103.7420
9.9055,2717.840,103.7420
9.9466,2717.840,103.7420
9.9871,2720.430,103.7420
10.0259,2731.930,103.7420
10.0659,2734.520,103.6610
10.1064,2880.900,103.6380
10.1491,2909.360,103.4010
10.1923,3052.670,102.7690
10.2306,3052.670,101.8670
10.2663,3052.670,101.8220
10.2999,3105.150,100.8970
10.3361,3148.500,100.8970
10.3720,3195.440,100.8970
10.4070,3209.140,101.8220
10.4432,3209.140,101.8220
10.4775,3195.440,100.8970
10.5117,3195.440,100.8970
10.5462,3195.440,100.8970
10.5785,3195.440,100.3810
10.6112,3195.440,97.7778
10.6420,3209.140,97.7778
10.6732,3218.200,97.7778
10.7086,3218.200,96.5405
10.7461,3218.200,96.5349
10.7822,3269.100,96.4100
10.8168,3297.930,96.4100
10.8515,3297.930,96.4100
10.8857,3297.930,96.3921
10.9192,3297.930,94.7908
10.9547,3310.180,93.8398
10.9905,3396.470,93.5860
11.0255,3310.180,93.5860
11.0611,3396.470,93.5860
11.0988,3396.470,93.5860
11.1355,3396.470,92.9641
11.1678,3396.470,92.8009
11.2021,3310.180,92.8009
11.2384,3310.180,92.8009
11.2750,3396.470,92.9641
11.3095,3396.470,93.5860
11.3408,3412.990,95.8188
11.3736,3412.990,95.8188
11.4083,3412.990,95.8188
11.4436,3323.650,95.8188
11.4784,3323.650,94.3015
11.5126,3323.650,94.3015
11.5472,3323.650,95.8188
11.5806,3412.990,95.8188
11.6118,3414.160,95.8188
11.6439,3416.700,95.8687
11.6776,3422.140,96.3921
11.7128,3422.140,96.5349
11.7481,3512.560,97.0691
11.7809,3512.560,97.0691
11.8152,3512.560,97.0691
11.8511,3422.140,97.0691
11.8852,3416.700,97.0691
11.9207,3416.700,97.0691
11.9554,3416.700,97.7314
11.9921,3416.700,97.7314
12.0290,3414.160,97.7314
12.0629,3422.140,97.7314
12.0947,3422.140,97.7314
12.1279,3390.190,96.6046
12.1613,3390.190,96.3352
12.1941,3390.190,96.3352
12.2260,3390.190,96.3352
12.2578,3440.770,96.3352
12.2929,3440.770,96.6046
12.3287,3390.190,97.7046
12.3654,3390.190,97.7046
12.4014,3339.310,97.7046
12.4357,3339.310,97.7046
12.4700,3390.190,97.7046
12.5053,3440.770,98.7044
12.5410,3545.830,98.7044
12.5748,3545.830,97.7046
12.6092,3545.830,97.0662
12.6458,3545.830,96.6046
12.6798,3440.770,96.3352
12.7115,3440.770,96.3352
12.7434,3440.770,96.3352
12.7756,3440.770,96.3352
12.8081,3430.850,96.3352
12.8417,3440.770,96.6046
12.8788,3571.700,97.0662
12.9169,3628.380,97.7046
12.9530,3662.610,97.7046
12.9856,3722.450,97.7046
13.0186,3724.120,97.7046
13.0519,3853.110,99.0412
13.0859,3853.110,99.4159
13.1182,3853.110,99.9664
13.1492,3853.110,100.1110
13.1818,3853.110,100.1110
13.2152,3853.110,100.1810
13.2449,3724.020,100.3340
13.2756,3724.020,101.3140
13.3105,3722.450,101.3140
13.3442,3715.520,101.3140
13.3764,3724.020,102.1960
13.4057,3853.110,102.2280
13.4354,3853.110,102.2280
13.4669,3853.110,102.2280
13.4966,3830.370,102.4910
13.5252,3853.110,102.4910
13.5559,3853.110,102.4910
13.5894,3853.110,102.4910
13.6245,3830.370,102.4910
13.6605,3830.370,102.4910
13.6962,3830.370,102.4910
13.7297,3724.020,102.6310
13.7613,3715.520,102.6310
13.7923,3693.480,103.3670
13.8253,3693.480,103.3670
13.8576,3693.480,103.5420
13.8876,3693.480,103.7890
13.9210,3693.480,103.8410
13.9541,3693.480,103.8410
13.9864,3693.480,104.7930
14.0165,3693.480,106.0920
14.0499,3657.240,106.0920
14.0849,3644.530,106.0920
14.1193,3644.530,106.0920
14.1528,3644.530,106.0920
14.1860,3657.240,106.0920
14.2221,3657.240,106.0920
14.2575,3644.530,106.0920
14.2922,3602.660,107.1040
14.3265,3580.620,109.3110
14.3583,3555.400,109.8050
14.3899,3555.400,111.0960
14.4210,3555.400,112.2130
14.4532,3480.210,112.6470
14.4853,3480.210,112.6760
14.5162,3480.210,112.6760
14.5490,3480.210,113.6600
14.5834,3480.210,114.1210
14.6184,3480.210,114.4000
14.6539,3480.210,115.9680
14.6874,3425.960,115.9940
14.7216,3425.960,117.5260
14.7581,3480.210,117.8830
14.7934,3480.210,118.1640
14.8276,3480.210,118.3330
14.8627,3543.920,118.4150
14.8956,3543.920,118.4150
14.9277,3543.920,118.4410
14.9616,3543.920,118.4410
14.9946,3543.920,118.9850
15.0218,3543.920,119.0510
15.0497,3543.920,119.7020
15.0795,3609.190,119.7300
15.1119,3663.330,119.8070
15.1465,3705.800,120.2330
15.1810,3736.970,120.2330
15.2150,3705.800,120.2330
15.2484,3705.800,119.8070
15.2826,3805.140,119.8070
15.3192,3805.140,120.2330
15.3527,3805.140,120.6420
15.3851,3825.400,120.6420
15.4170,3825.400,120.2330
15.4492,3805.140,119.8070
15.4801,3805.140,119.7300
15.5084,3805.140,119.7300
15.5368,3805.140,119.7300
15.5685,3708.550,119.7300
15.5998,3657.620,119.7020
15.6293,3657.620,119.5190
15.6604,3708.550,119.5190
15.6935,3805.140,119.1190
15.7283,3823.930,119.0510
15.7605,3823.930,118.9850
15.7938,3825.400,118.9850
15.8285,3841.200,118.0800
15.8596,3841.200,118.0800
15.8940,3841.200,118.0800
15.9282,3841.200,117.8480
15.9611,3867.090,117.8480
15.9956,3867.090,116.1040
16.0279,3867.090,116.1040
16.0612,3867.090,115.9540
16.0966,3867.090,115.8150
16.1313,3867.090,115.8150
16.1635,3867.090,115.8150
16.1942,3867.090,115.8150
16.2265,3867.090,115.6220
16.2596,3875.540,115.5480
16.2918,3923.490,115.4700
16.3220,3923.490,115.4700
16.3512,3982.020,115.4700
16.3814,3982.020,115.4700
16.4139,3982.020,115.4700
16.4449,3982.020,115.4700
16.4752,4006.800,115.4700
16.5049,4081.950,115.4700
16.5359,4081.950,115.5480
16.5667,4101.740,115.4700
16.5944,4134.990,115.6220
16.6221,4166.450,115.8150
16.6511,4235.500,115.6220
16.6811,4240.240,115.3050
16.7135,4240.240,116.1040
16.7454,4240.240,116.1040
16.7759,4240.240,116.1660
16.8073,4166.450,116.1660
16.8357,4166.450,116.1660
16.8669,4167.520,116.1040
16.9020,4240.240,116.1660
16.9345,4167.520,116.1660
16.9652,4167.520,116.2100
16.9967,4167.520,116.2760
17.0285,4240.240,116.2760
17.0594,4295.900,116.2760
17.0891,4167.520,116.2760
17.1190,4167.520,116.2100
17.1492,4167.520,115.3050
17.1814,4295.900,116.2100
17.2126,4295.900,116.2100
17.2446,4314.300,116.2100
17.2773,4402.870,115.3050
17.3083,4402.870,115.3050
17.3356,4314.300,115.3050
17.3634,4402.870,114.7630
17.3937,4402.870,115.3050
17.4241,4402.870,115.3650
17.4537,4402.870,116.2100
17.4831,4402.870,116.2100
17.5123,4452.920,116.5010
17.5435,4452.920,116.5010
17.5719,4402.870,116.5010
17.5999,4452.060,116.6860
17.6289,4452.920,116.9100
17.6593,4452.920,116.9100
17.6893,4501.050,116.9100
17.7166,4564.270,116.9100
17.7481,4564.270,116.9100
17.7794,4564.270,118.1850
17.8088,4501.050,119.0210
17.8352,4501.050,121.2100
17.8633,4564.270,121.9060
17.8952,4564.270,123.3820
17.9273,4564.270,124.0620
17.9573,4503.780,125.6980
17.9869,4501.050,125.9640
18.0203,4501.050,129.2330
18.0503,4501.050,129.9350
18.0801,4501.050,130.7050
18.1108,4503.780,131.4760
18.1400,4564.270,132.3920
18.1686,4564.270,135.9950
18.1986,4564.270,136.8130
18.2297,4564.270,136.8130
18.2607,4564.270,136.9210
18.2909,4564.270,138.2340
18.3183,4564.270,138.9580
18.3464,4564.270,141.1780
18.3723,4594.990,141.1780
18.3998,4600.220,143.2820
18.4297,4745.200,143.2820
18.4597,4745.200,143.8670
18.4895,4848.870,143.8980
18.5185,4869.980,144.4530
18.5460,4879.170,144.4530
18.5722,4879.170,144.4530
18.5989,4869.980,144.4530
18.6255,4879.170,144.4530
18.6536,4879.170,144.4530
18.6833,4879.170,144.4530
18.7127,4879.620,144.4530
18.7407,4879.620,144.4530
18.7694,4879.620,144.4530
18.7984,4879.170,144.4530
18.8278,4879.170,144.4530
18.8562,4879.620,144.4530
18.8851,4879.620,144.4530
18.9146,4879.620,143.8980
18.9432,5038.570,143.8980
18.9680,5038.570,143.8980
18.9962,5038.570,143.8980
19.0267,5038.570,144.6020
19.0562,5038.570,146.8320
19.0838,5038.570,146.8320
19.1129,5082.410,146.8320
19.1415,5082.410,146.8320
19.1689,5038.570,147.1520
19.1958,5038.570,147.7430
19.2238,5083.570,147.9780
19.2527,5084.570,147.9780
19.2804,5084.570,147.9780
19.3069,5084.570,147.9780
19.3357,5214.040,147.9780
19.3642,5214.040,147.9780
19.3921,5214.040,147.9780
19.4196,5214.040,149.6560
19.4464,5214.040,152.8020
19.4730,5214.040,155.0050
19.5007,5173.000,155.0050
19.5280,5214.040,155.0390
19.5551,5214.040,156.3910
19.5836,5214.040,157.8700
19.6096,5214.040,157.8700
19.6355,5214.040,161.1500
19.6619,5214.040,162.3900
19.6891,5250.980,162.3900
19.7172,5370.030,162.3900
19.7428,5370.030,162.3900
19.7710,5508.020,162.3900
19.7999,5508.020,162.3900
19.8272,5508.020,162.3900
19.8537,5370.030,162.3900
19.8819,5370.030,162.3900
19.9097,5370.030,162.3900
19.9367,5450.990,162.3900
19.9637,5370.030,162.3900
19.9913,5450.990,162.3900
20.0202,5450.990,162.3900
20.0450,5450.990,162.3900
20.0711,5450.990,162.3900
20.0970,5450.990,129.1270
20.1221,5450.990,128.0390
20.1461,5616.980,127.0740
20.1701,5616.980,127.0740
20.1974,5693.450,125.5940
20.2260,5711.690,125.2070
20.2548,5693.450,125.2070
20.2830,5693.450,125.2070
20.3101,5711.690,125.2070
20.3365,5711.690,125.2070
20.3648,5762.210,125.2070
20.3921,5791.750,125.2070
20.4173,6173.470,125.2070
20.4420,6173.470,125.2070
20.4685,5791.750,125.1070
20.4948,5791.750,125.1070
20.5222,5762.210,125.2070
20.5478,5693.450,125.2070
20.5725,5488.050,125.2070
20.5970,5488.050,125.2070
20.6217,5524.650,125.5940
20.6489,5524.650,125.5940
20.6771,5676.630,125.2070
20.7026,5693.450,125.2070
20.7287,5693.450,127.7300
20.7557,5693.450,127.7440
20.7804,5791.750,127.7440
20.8049,5693.450,128.0370
20.8324,5676.630,129.6430
20.8607,5676.630,129.6430
20.8887,5676.630,129.6430
20.9163,5676.630,130.1760
20.9439,5676.630,130.3300
20.9709,5659.070,130.3300
20.9975,5659.070,131.1290
21.0243,5659.070,131.1290
21.0522,5659.070,131.1290
21.0805,5676.630,131.1290
21.1066,5760.500,131.1290
21.1337,5760.500,131.1290
21.1601,5760.500,131.1290
21.1847,5742.770,131.1290
21.2086,5742.770,131.1290
21.2352,5742.770,131.1290
21.2612,5760.500,131.1290
21.2857,5760.500,131.3050
21.3104,5760.500,131.3050
21.3360,5842.480,133.3240
21.3629,5842.480,133.3880
21.3888,5876.130,133.8830
21.4140,5927.250,134.4930
21.4387,5955.770,134.4930
21.4637,6313.290,134.6780
21.4901,6336.200,134.6780
21.5139,6398.590,135.0430
21.5397,6398.590,135.0430
21.5664,6398.590,135.3520
21.5921,6336.200,135.3520
21.6143,6336.200,135.3520
21.6394,6336.200,135.3520
21.6657,6336.200,135.3600
21.6907,6313.290,137.5470
21.7142,5955.770,137.8800
21.7387,5955.770,137.8830
21.7631,6247.710,138.1380
21.7870,6251.890,139.1780
21.8113,6247.710,139.1780
21.8360,6247.710,139.1780
21.8600,6251.890,139.1780
21.8841,6336.200,139.1780
21.9106,6336.200,138.1380
21.9374,6398.590,138.1380
21.9642,6588.050,138.1380
21.9922,6588.050,138.1380
22.0200,6588.050,138.1380
22.0468,6588.050,139.7190
22.0737,6588.050,139.7190
22.1007,6398.590,138.1380
22.1274,6398.590,138.0840
22.1527,6398.590,138.0840
22.1780,6251.890,138.0840
22.2035,6247.710,138.0840
22.2289,6100.210,138.0840
22.2535,5770.110,138.0840
22.2759,5754.640,138.0840
22.2996,5665.250,138.0840
22.3231,5754.640,138.0840
22.3460,5770.110,138.0840
22.3696,5797.820,138.0840
22.3924,6100.210,138.0840
22.4181,6186.790,138.0840
22.4451,6186.790,138.0840
22.4719,6186.790,138.0840
22.4978,6186.790,138.0840
22.5224,6186.790,137.6540
22.5505,6186.790,137.5960
22.5776,6186.790,137.2160
22.6044,6186.790,137.2160
22.6312,6186.790,137.2160
22.6581,6186.790,137.2160
22.6849,6186.790,137.5960
22.7113,6178.150,137.6060
22.7372,6178.150,137.6540
22.7625,6137.560,137.6540
22.7879,6022.480,137.6540
22.8123,6022.480,137.6060
22.8372,6022.480,137.2160
22.8625,6022.480,136.6150
22.8883,6137.560,137.2160
22.9149,6137.560,137.6060
22.9396,6022.480,138.5000
22.9641,6022.480,138.5000
22.9890,6137.560,138.5000
23.0142,6178.150,139.6940
23.0387,6179.550,139.6940
23.0645,6186.790,139.7720
23.0905,6186.790,140.3210
23.1155,6186.790,141.1660
23.1404,6186.790,141.1660
23.1674,6309.480,141.1660
23.1917,6309.480,141.1660
23.2172,6219.120,141.1660
23.2434,6179.550,141.1660
23.2695,6179.550,142.4720
23.2945,6179.550,142.4720
23.3204,6219.120,143.8040
23.3466,6219.120,143.8040
23.3725,6219.120,145.8990
23.3972,6268.220,145.9090
23.4198,6268.220,145.9090
23.4450,6268.220,145.9090
23.4706,6268.220,145.9090
23.4956,6301.710,145.9090
23.5197,6301.710,145.9090
23.5441,6309.480,145.9090
23.5695,6312.100,145.9090
23.5968,6309.480,145.9090
23.6238,6312.100,145.9090
23.6499,6312.100,145.9090
23.6760,6309.480,145.9090
23.7012,6301.710,145.9090
23.7263,6309.480,145.9090
23.7511,6312.100,145.9090
23.7758,6312.100,145.8990
23.8010,6309.480,141.9050
23.8251,6309.480,133.4140
23.8483,6312.100,128.2790
23.8712,6312.100,128.2790
23.8947,6301.710,128.2790
23.9199,6272.190,128.2790
23.9436,6272.190,128.2790
23.9695,6301.710,128.2790
23.9953,6301.710,128.2790
24.0204,6301.710,128.2790
24.0456,6301.710,128.2790
24.0712,6312.100,128.2790
24.0948,6312.100,128.2790
24.1181,6312.100,128.2790
24.1425,6312.100,128.2790
24.1691,6397.910,128.2790
24.1933,6397.910,128.2790
24.2174,6312.100,128.2790
24.2427,6312.100,131.1750
24.2691,6312.100,131.2520
24.2947,6397.910,131.2890
24.3159,6529.140,132.1260
24.3393,6529.140,132.1260
24.3647,6580.170,132.6870
24.3911,6580.170,132.7900
24.4169,6580.170,132.8700
24.4396,6580.170,132.8900
24.4628,6580.170,133.1880
24.4867,6552.050,133.4090
24.5112,6529.140,133.5360
24.5352,6529.140,133.7060
24.5605,6529.140,133.7060
24.5867,6529.140,133.8410
24.6121,6529.140,133.9920
24.6364,6529.140,133.9920
24.6608,6529.140,133.9920
24.6856,6529.140,133.9920
24.7092,6529.140,133.9920
24.7331,6529.140,138.6530
24.7579,6529.140,138.8580
24.7830,6529.140,138.8580
24.8103,6529.140,139.5160
24.8350,6351.230,139.6690
24.8603,6351.230,139.8880
24.8859,6351.230,139.9000
24.9115,6351.230,140.2140
24.9372,6351.230,140.2140
24.9605,6351.230,140.3300
24.9848,6351.230,140.3300
25.0102,6351.230,140.3300
25.0361,6351.230,140.4550
25.0617,6351.230,142.1300
25.0848,6351.230,142.1300
25.1066,6347.630,142.1300
25.1299,6313.610,142.1300
25.1556,6347.630,142.1300
25.1819,6351.230,142.7920
25.2070,6351.230,142.7920
25.2312,6347.630,142.7920
25.2555,6351.230,142.7920
25.2800,6424.940,142.1300
25.3035,6511.820,142.1300
25.3297,6601.070,142.1300
25.3556,6601.070,142.7920
25.3805,6511.820,142.7920
25.4045,6812.110,143.3280
25.4288,6812.110,143.3280
25.4525,6812.110,143.3280
25.4773,6812.110,143.3280
25.5025,6511.820,143.3280
25.5274,6511.820,143.7230
25.5507,6812.110,143.7230
25.5779,6812.110,143.7230
25.6040,6972.730,143.7230
25.6282,6972.730,143.7230
25.6525,7041.140,143.7230
25.6770,6972.730,142.9350
25.7002,6812.110,142.9350
25.7234,6812.110,142.9350
25.7487,6972.730,142.9350
25.7737,7041.140,143.7230
25.7979,7041.140,143.7390
25.8231,7041.140,143.7510
25.8459,7041.140,143.7510
25.8721,7156.040,144.3150
25.8983,7169.030,144.3740
25.9228,7169.030,145.6010
25.9454,7169.030,145.6010
25.9685,7227.560,145.7130
25.9920,7227.560,145.7130
26.0156,7227.560,145.7130
26.0393,7227.560,145.7180
26.0637,7156.040,146.2310
26.0880,7041.140,146.4910
26.1109,6944.780,146.8370
26.1339,7041.140,147.7320
26.1574,6944.780,147.7320
26.1814,6944.780,148.5640
26.2040,6944.780,148.5640
26.2271,6944.780,148.5640
26.2500,6944.780,149.4160
26.2721,7156.040,149.4160
26.2927,7156.040,149.4160
26.3156,7156.040,149.4160
26.3407,7156.040,148.5640
26.3662,6944.780,148.5640
26.3912,6944.780,148.5640
26.4156,6944.780,148.5640
26.4405,6944.780,149.4160
26.4650,6944.780,149.4160
26.4885,6944.780,149.4160
26.5118,6944.780,149.4160
26.5367,6803.770,149.5480
26.5609,6803.770,150.9400
26.5861,6803.770,151.0730
26.6104,6803.770,152.2690
26.6334,6803.770,152.2690
26.6551,6803.770,152.2690
26.6786,6803.770,152.2690
26.7013,6803.770,152.2690
26.7247,6803.770,153.2000
26.7491,6803.770,153.2000
26.7737,6803.770,153.2000
26.7966,7081.470,153.2000
26.8207,7081.470,152.2690
26.8447,7209.950,152.2690
26.8687,7209.950,152.2690
26.8934,7238.350,152.2690
26.9146,7256.190,152.2690
26.9352,7256.190,152.2690
26.9565,7256.190,151.4850
26.9785,7256.190,151.4850
26.9998,7256.190,151.4850
27.0224,7256.190,152.2690
27.0457,7355.850,153.2000
27.0699,7238.350,153.2000
27.0950,7238.350,153.2090
27.1204,7238.350,153.3890
27.1433,7238.350,154.1700
27.1678,7238.350,154.2470
27.1921,7355.850,155.2600
27.2151,7603.700,153.3890
27.2367,7666.100,153.2090
27.2596,7821.060,153.2000
27.2833,7821.060,153.2000
27.3078,7807.680,153.2000
27.3321,7666.100,153.2000
27.3546,7603.700,153.2090
27.3768,7603.700,153.2090
27.3998,7498.390,151.4850
27.4238,7603.700,150.5700
27.4486,7625.490,150.5700
27.4739,7666.100,148.5290
27.4987,7708.900,148.5290
27.5216,7708.900,150.5700
27.5435,7708.900,150.5700
27.5652,7807.680,150.5700
27.5871,7807.680,153.2090
27.6095,7708.900,153.3320
27.6313,7708.900,153.3890
27.6535,7708.900,153.5210
27.6762,7708.900,154.1280
27.6993,7708.900,154.1280
27.7222,7708.900,155.2600
27.7459,7708.900,155.2600
27.7689,7708.900,155.2600
27.7911,7708.900,154.1280
27.8139,7708.900,154.1280
27.8343,7708.900,153.5210
27.8554,7708.900,153.3320
27.8779,7708.900,153.3320
27.9010,7625.490,153.3320
27.9219,7577.020,153.5210
27.9458,7498.390,153.5210
27.9690,7498.390,153.5210
27.9929,7498.390,153.9010
28.0177,7315.920,153.9010
28.0421,7064.410,153.5210
28.0643,7064.410,153.5210
28.0868,7064.410,153.5210
28.1097,7064.410,153.9010
28.1334,7064.410,153.9010
28.1578,7064.410,153.9010
28.1821,7064.410,153.9010
28.2071,7064.410,153.5210
28.2302,7015.300,153.1970
28.2521,6807.980,152.9990
28.2764,6797.900,152.9230
28.3024,6797.900,152.2980
28.3271,6797.900,152.0000
28.3505,6797.900,151.9610
28.3735,6797.900,151.1600
28.3978,6797.900,150.6060
28.4203,6807.980,150.6060
28.4430,6807.980,150.4540
28.4669,6807.980,150.3930
28.4916,6807.980,150.3930
28.5152,6870.550,150.3930
28.5385,7208.300,150.3930
28.5613,7208.300,150.3930
28.5851,7368.750,150.3930
28.6098,7208.300,150.1450
28.6343,7208.300,149.7100
28.6553,7208.300,149.7100
28.6775,7208.300,149.1680
28.7008,7368.750,149.1680
28.7251,7368.750,148.6490
28.7497,7390.530,148.6490
28.7718,7410.060,148.6490
28.7941,7390.530,148.6490
28.8169,7390.530,148.6490
28.8395,7410.060,147.9330
28.8611,7525.580,147.3110
28.8844,7525.580,146.9710
28.9076,7525.580,146.9710
28.9299,7525.580,146.9710
28.9518,7613.670,146.9710
28.9756,7847.840,146.8020
28.9999,7970.660,146.3770
29.0254,7847.840,146.3770
29.0492,7613.670,145.3180
29.0709,7682.480,145.2490
29.0927,7682.480,145.2490
29.1139,7682.480,145.2490
29.1374,7682.480,145.2350
29.1611,7682.480,145.2350
29.1838,7734.880,145.2490
29.2059,7734.880,145.2490
29.2298,7682.480,145.2490
29.2545,7734.880,145.2490
29.2770,7734.880,145.1560
29.2975,7682.480,145.1560
29.3193,7682.480,145.2490
29.3402,7734.880,145.2490
29.3636,7909.830,145.2490
29.3884,7909.830,145.3180
29.4130,7909.830,147.1060
29.4358,7909.830,147.1060
29.4606,7909.830,147.1060
29.4839,7745.060,145.2490
29.5061,7745.060,145.2490
29.5279,7745.060,145.2490
29.5504,7734.880,146.0020
29.5739,7682.480,147.1060
29.5952,7734.880,147.3180
29.6169,7745.060,147.3350
29.6402,7734.880,149.1960
29.6645,7682.480,149.1960
29.6856,7682.480,150.6690
29.7069,7682.480,150.6800
29.7282,7705.830,150.8500
29.7493,7705.830,150.8500
29.7706,7705.830,150.9010
29.7945,7705.830,150.9010
29.8176,7734.880,150.9010
29.8405,7745.060,151.1490
29.8637,7745.060,154.0140
29.8874,7745.060,154.2280
29.9111,7705.830,154.2280
29.9340,7705.830,154.5980
29.9564,7705.830,154.5980
29.9789,7705.830,155.0710
30.0020,7705.830,157.7900
30.0242,7705.830,158.1130
30.0469,7705.830,158.1130
30.0691,7705.830,158.3630
30.0914,7697.660,159.0410
30.1150,7697.660,159.0410
30.1380,7697.660,160.1580
30.1598,7697.660,160.9130
30.1810,7697.660,160.9130
30.2023,7697.660,160.9130
30.2243,7697.660,160.9130
30.2488,7697.660,160.9130
30.2732,7705.830,160.9130
30.2957,7697.660,160.9130
30.3169,7697.660,159.0410
30.3397,7705.830,159.0410
30.3627,7705.830,159.0410
30.3848,7697.660,158.1130
30.4071,7697.660,158.1130
30.4297,7697.660,158.1130
30.4525,7697.660,157.7900
30.4735,7697.660,157.5500
30.4963,7697.660,157.5500
30.5186,7697.660,157.5500
30.5404,7697.660,157.5500
30.5637,7697.660,157.5500
30.5840,7697.660,157.5500
30.6047,7697.660,160.9130
30.6267,7697.660,160.9130
30.6493,7697.660,157.5500
30.6708,7800.910,157.5500
30.6938,7838.140,157.5500
30.7175,7943.200,157.5500
30.7413,7838.140,156.9590
30.7646,7838.140,156.9590
30.7870,7838.140,156.9590
30.8101,7838.140,156.4650
30.8331,7838.140,156.4650
30.8559,7943.200,156.4650
30.8783,7838.140,156.9590
30.9001,7838.140,157.1830
30.9206,7838.140,157.5500
30.9429,7795.720,157.5500
30.9661,7776.190,159.2340
30.9893,7776.190,160.3800
31.0116,7647.500,161.0120
31.0320,7610.630,161.0120
31.0538,7621.690,161.0120
31.0771,7647.500,161.0520
31.1010,7776.190,161.0520
31.1242,7776.190,161.0520
31.1473,7776.190,161.0520
31.1690,7795.720,161.8880
31.1903,7815.660,161.9000
31.2123,7815.660,162.0680
31.2364,7815.660,163.1680
31.2596,7795.720,163.1680
31.2824,7776.190,163.1680
31.3051,7776.190,164.0160
31.3279,7778.160,163.1680
31.3509,7778.160,163.1680
31.3742,7778.160,163.5720
31.3972,7777.880,163.1680
31.4199,7776.190,163.1680
31.4423,7777.880,163.5720
31.4637,7778.160,164.0160
31.4852,7778.160,165.1020
31.5054,7778.160,165.1020
31.5264,7778.160,165.1300
31.5484,7777.880,165.1890
31.5706,7777.880,165.1960
31.5946,7777.880,165.1960
31.6180,7777.880,166.8340
31.6411,7777.880,166.8340
31.6641,7777.880,165.1890
31.6868,7777.880,165.1300
31.7090,7777.880,165.1020
31.7315,7777.880,165.1020
31.7547,7777.880,164.0160
31.7780,7699.360,164.0160
31.8001,7577.240,164.0160
31.8215,7577.240,164.0160
31.8442,7577.240,163.5720
31.8671,7577.240,163.4240
31.8902,7577.240,163.4240
31.9143,7541.680,162.1020
31.9382,7541.680,161.8990
31.9623,7577.240,161.8990
31.9846,7577.240,161.5660
32.0054,7581.450,161.5580
32.0284,7581.450,161.5580
32.0516,7581.450,161.5580
32.0749,7581.450,161.5580
32.0990,7581.450,161.5580
32.1239,7641.390,161.8990
32.1488,7641.390,161.8990
32.1717,7581.450,161.8990
32.1940,7579.345,161.7285
32.2166,7581.450,161.5580
32.2396,7579.345,161.4690
32.2630,7581.450,161.3800
32.2850,7611.420,160.7225
32.3067,7641.390,161.3800
32.3290,7649.980,160.7225
32.3517,7641.390,161.3800
32.3742,7649.980,160.7225
32.3962,7658.570,160.0650
32.4187,7737.920,159.1330
32.4320,7817.270,158.2010
32.4401,7880.710,157.2625
32.4604,7944.150,158.2010
32.4950,7944.150,159.1330
