step,sim_time,dt,max_speed,max_accel
1,0.015,0.015,0,0
5,0.075,0.015,2.05444,33.7047
9,0.135,0.015,4.18096,20.9362
13,0.195,0.015,5.75162,13.9819
17,0.255,0.015,6.39499,15.1647
21,0.315,0.015,6.98744,12.7391
25,0.375,0.015,7.51087,9.54105
29,0.435,0.015,7.87118,11.2028
33,0.495,0.015,8.58829,11.0147
37,0.555,0.015,9.29461,8.78985
41,0.615,0.015,10.0411,6.85961
45,0.675,0.015,10.5946,6.54416
49,0.735,0.015,11.1435,6.98161
53,0.795,0.015,11.855,7.86891
57,0.855,0.015,12.513,7.1072
61,0.915,0.015,13.2778,7.50843
65,0.975,0.015,13.8692,7.25188
69,1.035,0.015,14.3622,6.73394
73,1.095,0.015,15.0543,6.75124
77,1.155,0.015,15.728,7.49213
81,1.215,0.015,16.5291,9.52417
85,1.275,0.015,17.2332,8.39088
89,1.335,0.015,17.7675,8.23947
93,1.395,0.015,18.4732,6.98819
97,1.455,0.015,19.3258,8.31801
101,1.515,0.015,19.9875,9.24339
105,1.575,0.015,20.6538,14.038
109,1.635,0.015,21.2471,16.3666
113,1.695,0.015,22.1269,16.5025
117,1.755,0.015,22.8738,17.7834
121,1.815,0.015,24.0206,23.6372
125,1.875,0.015,26.2963,91.3059
129,1.935,0.015,28.2821,138
133,1.995,0.015,30.2057,302.597
137,2.055,0.015,30.5397,487.798
141,2.115,0.015,34.5729,504.956
145,2.175,0.015,45.9302,503.638
149,2.235,0.015,57.8946,428.428
153,2.295,0.015,56.9618,536.895
157,2.355,0.015,57.4624,605.377
161,2.415,0.015,56.5244,554.396
165,2.475,0.015,56.6123,606.553
169,2.535,0.015,58.0191,680.499
173,2.595,0.015,58.5983,679.258
177,2.655,0.015,58.6047,708.762
181,2.715,0.015,58.253,634.837
185,2.775,0.015,58.509,616.036
189,2.835,0.015,75.5337,700.899
193,2.895,0.015,74.815,649.406
197,2.955,0.015,71.4812,631.886
201,3.015,0.015,74.9845,697.633
205,3.075,0.015,78.3727,712.609
209,3.135,0.015,79.0925,721.274
213,3.195,0.015,83.399,769.092
217,3.255,0.015,80.3912,623.928
221,3.315,0.015,85.4322,700.485
225,3.375,0.015,83.7219,700.281
229,3.435,0.015,79.3043,602.448
233,3.495,0.015,87.5442,558.32
237,3.555,0.015,89.338,607.807
241,3.615,0.015,89.4373,692.236
245,3.675,0.015,72.0679,673.804
249,3.735,0.015,73.694,607.087
253,3.795,0.015,74.9481,679.146
257,3.855,0.015,72.1362,569.268
261,3.915,0.015,70.7788,688.419
265,3.975,0.015,71.7407,784.629
269,4.035,0.015,72.4,980.438
273,4.09246,0.013731,70.3384,1325.98
277,4.14213,0.0119783,70.1681,1742.4
281,4.18576,0.01029,70.8727,2361.06
285,4.22677,0.0102168,72.5381,2395.01
289,4.27028,0.0110955,81.751,2030.7
293,4.31579,0.0110453,75.2107,2049.21
297,4.35877,0.0104446,76.7976,2291.7
301,4.39997,0.0102531,76.8677,2378.09
305,4.43901,0.00959593,99.8374,2714.97
309,4.47599,0.009245,90.9641,2925
313,4.5195,0.0108781,98.475,2112.7
317,4.56452,0.0105877,99.8564,2230.15
321,4.60687,0.0105877,99.8564,2230.15
325,4.6519,0.011416,97.2108,1918.28
329,4.69669,0.0109796,90.3198,2073.79
333,4.73815,0.0103655,88.7826,2326.79
337,4.78088,0.0119003,90.0373,1765.31
341,4.82868,0.011997,96.5698,1736.97
345,4.87617,0.0115007,103.853,1890.14
349,4.92163,0.0112308,103.942,1982.07
353,4.96678,0.0113066,107.561,1955.59
357,5.01151,0.0115332,107.218,1879.5
361,5.05771,0.0115651,109.104,1869.14
365,5.10369,0.0114718,109.939,1899.65
369,5.14552,0.0103425,106.38,2337.17
373,5.18862,0.0112068,103.845,1990.57
377,5.23615,0.0121076,102.489,1705.39
381,5.28749,0.0126129,112.346,1571.47
385,5.33086,0.0102537,113.703,2377.81
389,5.37234,0.010369,113.57,2325.24
393,5.4203,0.012087,120.493,1711.21
397,5.46691,0.0115094,122.582,1887.26
401,5.513,0.0115202,126.191,1883.72
405,5.55918,0.0115679,121.743,1868.22
409,5.60424,0.0111631,127.013,2006.17
413,5.64966,0.0113039,129.129,1956.52
417,5.69582,0.0117736,125.172,1803.51
421,5.73894,0.0104514,126.9,2288.73
425,5.78291,0.010792,126.862,2146.52
429,5.82643,0.0109676,128.421,2078.34
433,5.8704,0.011001,127.14,2065.76
437,5.918,0.0115979,129.259,1858.57
441,5.96549,0.0121464,129.698,1694.51
445,6.01436,0.0121345,129.089,1697.84
449,6.06296,0.0121646,131.53,1597.37
453,6.11136,0.0120803,132.447,1559.63
457,6.15882,0.0116798,129.106,1832.6
461,6.20591,0.0118041,133.233,1794.22
465,6.2505,0.0109376,119.521,2089.77
469,6.2952,0.0114127,129.995,1919.38
473,6.34524,0.0128743,124.278,1456.05
477,6.39119,0.0110676,144.566,1600.58
481,6.43615,0.0114161,140.154,1718.01
485,6.48114,0.01119,139.517,1996.57
489,6.52624,0.0113009,137.373,1957.57
493,6.56985,0.0107723,136.843,2154.37
497,6.61315,0.010843,122.525,2126.38
501,6.66172,0.0122556,124.26,1664.45
505,6.71105,0.0123601,129.449,1584.57
509,6.75882,0.0118256,123.673,1787.71
513,6.8054,0.0114636,127.21,1902.38
517,6.84874,0.0108346,132.99,2129.67
521,6.89038,0.0089095,151.57,3149.44
525,6.92691,0.00935213,149.972,2858.37
529,6.9636,0.00899538,149.653,3089.59
533,7.00057,0.00948968,133.125,2776.11
537,7.04282,0.0109189,126.234,2096.93
541,7.08373,0.0102279,116.023,2389.84
545,7.12164,0.0103358,120.097,2340.19
549,7.16247,0.0100813,117.17,2459.82
553,7.20292,0.0101442,114.894,2429.42
557,7.23979,0.00890954,117.285,3149.41
561,7.27745,0.00958087,113.862,2723.52
565,7.31492,0.0093687,113.651,2848.27
569,7.35186,0.00954655,110.334,2743.14
573,7.39108,0.0105805,106.459,2233.2
577,7.43294,0.0103492,106.292,2334.14
581,7.47209,0.00959967,108.261,2712.86
585,7.50779,0.00869964,102.736,3303.22
589,7.54309,0.00886706,106.288,3179.66
593,7.58219,0.00977552,100.168,2616.14
597,7.62255,0.0110616,106.526,2043.19
601,7.66412,0.00972234,97.8744,2644.83
605,7.70486,0.0103396,95.8033,2338.46
609,7.7472,0.011244,101.326,1977.41
613,7.7899,0.0101083,97.387,2446.7
617,7.82878,0.00933113,99.6614,2871.25
621,7.86761,0.0100833,99.0734,2458.86
625,7.90909,0.0104656,92.3199,2282.51
629,7.9467,0.00833946,88.0009,3594.71
633,7.97901,0.00798973,86.7902,3916.3
637,8.01504,0.0100276,89.7234,2486.25
641,8.05448,0.00980419,94.941,2600.86
645,8.09525,0.0103206,98.0823,2347.09
649,8.13709,0.0107002,99.1523,2183.53
653,8.17694,0.00922635,101.132,2936.84
657,8.19739,0.001,93.6579,1e+06
661,8.21128,0.0108905,91.7489,2107.88
665,8.257,0.0119655,94.1247,1746.14
669,8.30285,0.00995914,102.319,2520.55
673,8.34533,0.0112818,103.043,1964.18
677,8.39589,0.013092,91.8549,1458.58
681,8.44473,0.0108431,103.647,2126.36
685,8.48588,0.0101012,102.05,2450.15
689,8.52511,0.00971058,102.543,2651.24
693,8.56658,0.0107511,93.9189,2162.88
697,8.61081,0.0113659,96.2055,1935.22
701,8.65573,0.0111847,93.1501,1998.44
705,8.70224,0.00961713,97.7521,2703.02
709,8.74083,0.00973542,108.282,2637.73
713,8.78046,0.0100815,109.469,2459.72
717,8.8264,0.0119524,111.628,1749.98
721,8.87081,0.00914561,101.411,2988.92
725,8.90795,0.00970557,103.079,2653.98
729,8.94974,0.011188,109.716,1997.26
733,8.99347,0.0108463,118.089,2125.07
737,9.03298,0.0098788,115.631,2561.72
741,9.07649,0.0114842,100.036,1895.56
745,9.12215,0.011347,110.279,1941.67
749,9.1609,0.0091341,109.249,2996.46
753,9.19788,0.00928137,101.64,2902.12
757,9.24149,0.0109607,105.958,2080.95
761,9.28109,0.00883995,101.479,3199.19
765,9.31539,0.00830925,103.078,3620.9
769,9.35247,0.0102314,97.9576,2388.2
773,9.3959,0.0110666,103.56,2041.32
777,9.43708,0.0102964,107.438,2358.15
781,9.47403,0.00969808,122.856,2658.08
785,9.51376,0.0106442,121.875,2206.53
789,9.55628,0.0106158,116.193,2218.38
793,9.59566,0.0095863,125.363,2720.43
797,9.63108,0.00861,123.229,3372.36
801,9.66944,0.00959088,124.45,2717.84
805,9.71123,0.00981507,99.0175,2595.1
809,9.75,0.0095661,101.867,2731.93
813,9.79322,0.0120443,99.7406,1723.36
817,9.83589,0.0102092,107.518,2398.6
821,9.87035,0.00861626,109.072,3367.46
825,9.90551,0.0087887,107.837,3236.61
829,9.94664,0.0104234,108.297,2301.04
833,9.98713,0.00982298,108.229,2590.92
837,10.0259,0.00956157,102.769,2734.52
841,10.0659,0.0101572,96.7828,2423.22
845,10.1064,0.0101114,97.1918,2445.21
849,10.1491,0.0111266,100.381,2019.35
853,10.1923,0.0104797,106.042,2276.39
857,10.2306,0.00926982,103.661,2909.36
861,10.2663,0.00881381,96.5405,3218.2
865,10.2999,0.00826237,103.401,3662.11
869,10.3361,0.0093155,104.601,2880.9
873,10.372,0.00897281,105.109,3105.15
877,10.407,0.00874492,103.742,3269.1
881,10.4432,0.00904962,97.7778,3052.67
885,10.4775,0.0084376,103.638,3511.58
889,10.5117,0.00882625,101.822,3209.14
893,10.5462,0.00801983,96.41,3886.96
897,10.5785,0.00833125,93.8398,3601.8
901,10.6112,0.00768647,100.897,4231.42
905,10.642,0.00768647,100.897,4231.42
909,10.6732,0.00780504,94.7908,4103.84
913,10.7086,0.00884515,91.3965,3195.44
917,10.7461,0.00937432,84.0475,2844.86
921,10.7822,0.00891084,83.3106,3148.5
925,10.8168,0.00857938,90.507,3396.47
929,10.8515,0.00870661,89.9058,3297.93
933,10.8857,0.00847749,102.143,3478.61
937,10.9192,0.00827997,105.008,3646.55
941,10.9547,0.00906829,108.223,3040.11
945,10.9905,0.00893256,92.2625,3133.2
949,11.0255,0.00869049,92.9641,3310.18
953,11.0611,0.00895992,105.589,3114.1
957,11.0988,0.00956614,93.586,2731.91
961,11.1355,0.00918473,92.0216,2963.52
965,11.1678,0.00807814,92.0226,3831.05
969,11.2021,0.0085586,92.8009,3412.99
973,11.2384,0.00909579,89.7736,3021.75
977,11.275,0.00914697,96.5349,2988.04
981,11.3095,0.00843642,96.3921,3512.56
985,11.3408,0.00782234,97.85,4085.71
989,11.3736,0.00835026,98.5334,3585.42
993,11.4083,0.00876004,89.8506,3257.83
997,11.4436,0.00884767,88.0556,3193.61
1001,11.4784,0.00855395,90.8095,3416.7
1005,11.5126,0.00855713,92.4978,3414.16
1009,11.5472,0.00869446,97.0691,3307.16
1013,11.5806,0.00822355,102.981,3696.76
1017,11.6118,0.00766602,98.4773,4254.03
1021,11.6439,0.00838726,89.7812,3553.86
1025,11.6776,0.00854715,91.7863,3422.14
1029,11.7128,0.00903379,95.8687,3063.37
1033,11.7481,0.00819779,95.8188,3720.03
1037,11.7809,0.00819779,95.8188,3720.03
1041,11.8152,0.00916723,100.332,2974.84
1045,11.8511,0.00840326,97.7314,3540.33
1049,11.8852,0.00892003,98.088,3142.01
1053,11.9207,0.00867286,94.3015,3323.65
1057,11.9554,0.00867286,94.3015,3323.65
1061,11.9921,0.00941162,94.2513,2822.35
1065,12.029,0.00867518,100.014,3321.87
1069,12.0629,0.00785597,98.7044,4050.79
1073,12.0947,0.00826405,99.6938,3660.62
1077,12.1279,0.00839675,102.216,3545.83
1081,12.1613,0.0082498,101.527,3673.27
1085,12.1941,0.00800759,104.673,3898.85
1089,12.226,0.00793864,102.425,3966.86
1093,12.2578,0.00793864,102.425,3966.86
1097,12.2929,0.00886221,96.3352,3183.14
1101,12.3287,0.00922245,93.9364,2939.32
1105,12.3654,0.00909435,95.6827,3022.71
1109,12.4014,0.0086525,99.4598,3339.31
1113,12.4357,0.00852398,101.481,3440.77
1117,12.47,0.00858733,102.682,3390.19
1121,12.5053,0.0091042,96.6046,3016.17
1125,12.541,0.00870969,91.8406,3295.6
1129,12.5748,0.00819329,92.0352,3724.12
1133,12.6092,0.00903313,91.7564,3063.82
1137,12.6458,0.00918203,93.6996,2965.26
1141,12.6798,0.00826181,94.4359,3662.61
1145,12.7115,0.00781188,93.6998,4096.65
1149,12.7434,0.00805205,91.3265,3855.91
1153,12.7756,0.00804662,94.6239,3861.12
1157,12.8081,0.00819512,100.181,3722.45
1161,12.8417,0.00904082,97.7046,3058.61
1165,12.8788,0.00948244,99.0412,2780.35
1169,12.9169,0.00956705,106.589,2731.39
1173,12.953,0.00885675,101.314,3187.07
1177,12.9856,0.00790874,97.0662,3996.92
1181,13.0186,0.00836628,99.4159,3571.7
1185,13.0519,0.00830068,93.6691,3628.38
1189,13.0859,0.00855899,96.273,3412.67
1193,13.1182,0.00793996,94.8248,3965.55
1197,13.1492,0.00766633,92.6248,4253.68
1201,13.1818,0.00867067,92.9698,3325.33
1205,13.2152,0.00735534,99.9664,4620.98
1209,13.2449,0.00765581,102.228,4265.38
1213,13.2756,0.00765581,102.228,4265.38
1217,13.3105,0.00853628,104.212,3430.85
1221,13.3442,0.00805497,100.111,3853.11
1225,13.3764,0.00805497,100.111,3853.11
1229,13.4057,0.00733,103.367,4652.99
1233,13.4354,0.00741984,100.334,4541
1237,13.4669,0.00802391,102.196,3883
1241,13.4966,0.00722288,104.793,4792.03
1245,13.5252,0.00714323,107.95,4899.49
1249,13.5559,0.0081934,106.356,3724.02
1253,13.5894,0.00858632,108.066,3390.98
1257,13.6245,0.00891718,111.598,3144.02
1261,13.6605,0.00929417,117.06,2894.13
1265,13.6962,0.00854197,116.364,3426.29
1269,13.7297,0.00820276,113.477,3715.52
1273,13.7613,0.00761008,102.491,4316.8
1277,13.7923,0.0082272,97.0282,3693.48
1281,13.8253,0.00826786,98.4562,3657.24
1285,13.8576,0.00750021,103.841,4444.19
1289,13.8876,0.00750021,103.841,4444.19
1293,13.921,0.00835586,103.542,3580.62
1297,13.9541,0.00807886,102.631,3830.37
1301,13.9864,0.00807886,102.631,3830.37
1305,14.0165,0.00752715,99.5709,4412.43
1309,14.0499,0.00833026,99.7706,3602.66
1313,14.0849,0.00875895,99.5747,3258.63
1317,14.1193,0.00859158,99.041,3386.83
1321,14.1528,0.00838544,93.8317,3555.4
1325,14.186,0.00828226,99.3707,3644.53
1329,14.2221,0.00926801,103.789,2910.49
1333,14.2575,0.00885341,113.66,3189.47
1337,14.2922,0.00865813,115.994,3334.97
1341,14.3265,0.0085883,115.968,3389.42
1345,14.3583,0.00793854,120.138,3966.97
1349,14.3899,0.00789731,118.333,4008.5
1353,14.421,0.00778907,106.092,4120.68
1357,14.4532,0.00813923,114.4,3773.76
1361,14.4853,0.00798985,109.311,3916.19
1365,14.5162,0.00762894,107.104,4295.48
1369,14.549,0.00877886,109.805,3243.87
1373,14.5834,0.00854238,117.526,3425.96
1377,14.6184,0.00880604,111.096,3223.88
1381,14.6539,0.00891365,123.654,3146.51
1385,14.6874,0.00817919,123.577,3736.97
1389,14.7216,0.00869093,122.337,3309.84
1393,14.7581,0.00926506,114.121,2912.35
1397,14.7934,0.00880467,112.647,3224.88
1401,14.8276,0.00856804,112.213,3405.47
1405,14.8627,0.00877796,112.676,3244.54
1409,14.8956,0.00821352,121.411,3705.8
1413,14.9277,0.00801636,122.438,3890.32
1417,14.9616,0.00847554,122.908,3480.21
1421,14.9946,0.00826099,117.883,3663.33
1425,15.0218,0.00679427,108.897,5415.7
1429,15.0497,0.00702944,118.415,5059.4
1433,15.0795,0.00758646,121.263,4343.71
1437,15.1119,0.00865574,120.881,3336.81
1441,15.1465,0.00862289,118.164,3362.28
1445,15.181,0.00862143,119.807,3363.42
1449,15.215,0.008399,120.233,3543.92
1453,15.2484,0.00832272,119.73,3609.19
1457,15.2826,0.00876937,118.441,3250.9
1461,15.3192,0.00929169,118.985,2895.68
1465,15.3527,0.00805598,119.051,3852.16
1469,15.3851,0.00810559,122.981,3805.14
1473,15.417,0.00795374,120.642,3951.82
1477,15.4492,0.0080841,117.832,3825.4
1481,15.4801,0.00732912,119.702,4654.11
1485,15.5084,0.0068251,129.937,5366.88
1489,15.5368,0.00797063,123.885,3935.09
1493,15.5685,0.00780818,126.967,4100.54
1497,15.5998,0.00780818,126.967,4100.54
1501,15.6293,0.00737895,129.875,4591.46
1505,15.6604,0.00777945,127.455,4130.88
1509,15.6935,0.00826743,121.219,3657.62
1513,15.7283,0.00871841,115.954,3289.01
1517,15.7605,0.00803164,119.519,3875.54
1521,15.7938,0.00844797,123.911,3502.96
1525,15.8285,0.00867536,122.71,3321.74
1529,15.8596,0.00777281,119.119,4137.93
1533,15.894,0.00888134,117.848,3169.44
1537,15.9282,0.00854133,114.409,3426.8
1541,15.9611,0.00821047,113.57,3708.55
1545,15.9956,0.00863444,113.527,3353.3
1549,16.0279,0.00806746,114.648,3841.2
1553,16.0612,0.00832629,115.548,3606.09
1557,16.0966,0.00885795,115.47,3186.2
1561,16.1313,0.00867803,114.93,3319.69
1565,16.1635,0.0080404,115.815,3867.09
1569,16.1942,0.00768277,115.622,4235.5
1573,16.2265,0.00808565,113.585,3823.93
1577,16.2596,0.00832393,113.317,3608.14
1581,16.2918,0.00777558,113.041,4134.99
1585,16.322,0.00731775,118.08,4668.57
1589,16.3512,0.00730797,126.358,4681.08
1593,16.3814,0.00822252,120.06,3697.68
1597,16.4139,0.00782593,112.122,4081.95
1601,16.4449,0.00757055,116.104,4361.99
1605,16.4752,0.00757055,116.104,4361.99
1609,16.5049,0.00743277,112.297,4525.21
1613,16.5359,0.00774617,112.139,4166.45
1617,16.5667,0.00767848,110.173,4240.24
1621,16.5944,0.00667574,116.166,5609.72
1625,16.6221,0.00718591,116.276,4841.46
1629,16.6511,0.00729863,117.753,4693.07
1633,16.6811,0.00812048,113.59,3791.2
1637,16.7135,0.0079824,112.922,3923.49
1641,16.7454,0.0079824,112.922,3923.49
1645,16.7759,0.00762856,119.046,4295.9
1649,16.8073,0.00792352,120.32,3982.02
1653,16.8357,0.00683005,121.41,5359.1
1657,16.8669,0.00876964,117.359,3250.7
1661,16.902,0.00876794,111.599,3251.96
1665,16.9345,0.00789898,111.272,4006.8
1669,16.9652,0.00761228,111.017,4314.3
1673,16.9967,0.00811833,117.154,3793.2
1677,17.0285,0.00780703,115.305,4101.74
1681,17.0594,0.00742587,119.864,4533.63
1685,17.0891,0.00746295,117.77,4488.68
1689,17.119,0.00753532,113.272,4402.87
1693,17.1492,0.00753532,113.272,4402.87
1697,17.1814,0.0080577,117.818,3850.5
1701,17.2126,0.00780347,122.455,4105.48
1705,17.2446,0.00799818,129.065,3908.03
1709,17.2773,0.008169,127.313,3746.3
1713,17.3083,0.00774517,116.21,4167.52
1717,17.3356,0.00652486,114.763,5872.16
1721,17.3634,0.00737925,116.501,4591.09
1725,17.3937,0.00780367,113.711,4105.27
1729,17.4241,0.00739255,121.906,4574.58
1733,17.4537,0.00737996,121.21,4590.21
1737,17.4831,0.00729015,107.23,4704
1741,17.5123,0.00729015,107.23,4704
1745,17.5435,0.00780748,111.042,4101.27
1749,17.5719,0.00687292,107.35,5292.45
1753,17.5999,0.007015,107.471,5080.24
1757,17.6289,0.00749286,116.91,4452.92
1761,17.6593,0.00771536,106.691,4199.79
1765,17.6893,0.00683478,114.051,5351.7
1769,17.7166,0.00683478,114.051,5351.7
1773,17.7481,0.00786563,119.021,4040.85
1777,17.7794,0.00784178,115.365,4065.47
1781,17.8088,0.00734205,113.238,4637.73
1785,17.8352,0.00633367,118.185,6232.02
1789,17.8633,0.00775298,116.686,4159.13
1793,17.8952,0.00817681,125.698,3739.15
1797,17.9273,0.00754362,124.062,4393.2
1801,17.9573,0.0074009,136.813,4564.27
1805,17.9869,0.0074009,136.813,4564.27
1809,18.0203,0.00834474,135.995,3590.16
1813,18.0503,0.00749358,123.382,4452.06
1817,18.0801,0.00745269,132.392,4501.05
1821,18.1108,0.00777115,129.233,4139.7
1825,18.14,0.00713202,138.958,4914.9
1829,18.1686,0.00718042,131.476,4848.87
1833,18.1986,0.00780087,125.964,4108.22
1837,18.2297,0.00772847,129.935,4185.56
1841,18.2607,0.00778006,130.705,4130.22
1845,18.2909,0.00685033,141.178,5327.42
1849,18.3183,0.00685033,141.178,5327.42
1853,18.3464,0.00702521,144.866,5065.48
1857,18.3723,0.00630192,136.921,6294.99
1861,18.3998,0.00745043,154.709,4503.78
1865,18.4297,0.00751666,148.662,4424.76
1869,18.4597,0.00746686,147.032,4483.98
1873,18.4895,0.00737612,144.713,4594.99
1877,18.5185,0.00687175,144.453,5294.26
1881,18.546,0.00687175,144.453,5294.26
1885,18.5722,0.00656161,138.234,5806.56
1889,18.5989,0.00665984,143.898,5636.53
1893,18.6255,0.00665211,144.602,5649.65
1897,18.6536,0.00740654,148.168,4557.32
1901,18.6833,0.00745197,150.507,4501.92
1905,18.7127,0.0070135,143.282,5082.41
1909,18.7407,0.0070135,143.282,5082.41
1913,18.7694,0.00716483,143.867,4869.98
1917,18.7984,0.00725843,151.822,4745.2
1921,18.8278,0.00737193,153.398,4600.22
1925,18.8562,0.00701271,155.424,5083.57
1929,18.8851,0.00743315,157.022,4524.75
1933,18.9146,0.00715809,153.44,4879.17
1937,18.9432,0.00715809,153.44,4879.17
1941,18.968,0.00621304,132.276,6476.37
1945,18.9962,0.00729902,128.054,4692.58
1949,19.0267,0.00795768,131.607,3947.9
1953,19.0562,0.00678702,123.818,5427.28
1957,19.0838,0.00730716,134.325,4682.13
1961,19.1129,0.00715776,134.351,4879.62
1965,19.1415,0.00715776,134.351,4879.62
1969,19.1689,0.00684846,134.972,5330.33
1973,19.1958,0.00666574,140.982,5626.57
1977,19.2238,0.00734329,147.743,4636.16
1981,19.2527,0.00692441,146.832,5214.04
1985,19.2804,0.00692441,146.832,5214.04
1989,19.3069,0.00661415,137.348,5714.69
1993,19.3357,0.00739866,124.493,4567.03
1997,19.3642,0.00704395,147.152,5038.57
2001,19.3921,0.00690001,155.039,5250.98
2005,19.4196,0.00671994,155.005,5536.17
2009,19.4464,0.00671994,155.005,5536.17
2013,19.473,0.00664999,149.656,5653.25
2017,19.5007,0.00701202,147.978,5084.57
2021,19.528,0.00664261,161.15,5665.81
2025,19.5551,0.0071208,157.87,4930.4
2029,19.5836,0.0071208,157.87,4930.4
2033,19.6096,0.00651724,152.802,5885.89
2037,19.6355,0.00646033,156.391,5990.05
2041,19.6619,0.00673709,164.329,5508.02
2045,19.6891,0.00701695,168.065,5077.43
2049,19.7172,0.00701695,168.065,5077.43
2053,19.7428,0.00640748,163.695,6089.28
2057,19.771,0.0072614,167.107,4741.33
2061,19.7999,0.00720769,162.39,4812.24
2065,19.8272,0.00645204,166.727,6005.46
2069,19.8537,0.0070581,165.22,5018.4
2073,19.8819,0.0070581,165.22,5018.4
2077,19.9097,0.00695182,169.776,5173
2081,19.9367,0.00667142,168.161,5616.98
2085,19.9637,0.0068231,170.145,5370.03
2089,19.9913,0.00721472,168.488,4802.87
2093,20.0202,0.00721472,168.488,4802.87
2097,20.045,0.00620341,171.08,6496.5
2101,20.0711,0.00661588,164.41,5711.69
2105,20.097,0.00635788,120.794,6184.64
2109,20.1221,0.00600915,127.074,6923.3
2113,20.1461,0.00600915,127.074,6923.3
2117,20.1701,0.00600377,128.039,6935.72
2121,20.1974,0.00707087,121.948,5000.27
2125,20.226,0.00726042,124.672,4742.6
2129,20.2548,0.00714113,125.594,4902.37
2133,20.283,0.00677224,125.107,5450.99
2137,20.3101,0.00677224,125.107,5450.99
2141,20.3365,0.00658682,125.207,5762.21
2145,20.3648,0.00726255,129.127,4739.82
2149,20.3921,0.00636364,120.909,6173.47
2153,20.4173,0.00617099,112.387,6564.94
2157,20.442,0.00617099,112.387,6564.94
2161,20.4685,0.00662647,118.891,5693.45
2165,20.4948,0.00657,124.643,5791.75
2169,20.5222,0.00695491,118.765,5168.41
2173,20.5478,0.00620421,123.723,6494.81
2177,20.5725,0.00611543,119.132,6684.77
2181,20.597,0.00617481,125.096,6556.82
2185,20.6217,0.00617481,125.096,6556.82
2189,20.6489,0.00681492,133.962,5382.93
2193,20.6771,0.00703182,132.303,5055.97
2197,20.7026,0.00615246,138.842,6604.54
2201,20.7287,0.00693381,135.678,5199.92
2205,20.7557,0.00617782,136.371,6550.43
2209,20.7804,0.00617782,136.371,6550.43
2213,20.8049,0.00611978,140.219,6675.25
2217,20.8324,0.00712798,132.699,4920.47
2221,20.8607,0.00702483,124.485,5066.03
2225,20.8887,0.00691694,133.323,5225.31
2229,20.9163,0.00688749,130.33,5270.1
2233,20.9439,0.00688749,130.33,5270.1
2237,20.9709,0.00674934,127.744,5488.05
2241,20.9975,0.00663628,127.73,5676.63
2245,21.0243,0.00672694,130.176,5524.65
2249,21.0522,0.00723837,119.136,4771.54
2253,21.0805,0.00654141,119.467,5842.48
2257,21.1066,0.00654141,119.467,5842.48
2261,21.1337,0.0067762,129.643,5444.63
2265,21.1601,0.00652265,128.037,5876.13
2269,21.1847,0.00577025,131.129,7508.45
2273,21.2086,0.00664657,135.767,5659.07
2277,21.2352,0.00664657,135.767,5659.07
2281,21.2612,0.00649447,129.393,5927.25
2285,21.2857,0.00602536,128.581,6886.1
2289,21.3104,0.00629277,133.388,6313.29
2293,21.336,0.00673445,134.493,5512.34
2297,21.3629,0.00673445,134.493,5512.34
2301,21.3888,0.0064789,131.305,5955.77
2305,21.414,0.00622683,126.934,6447.72
2309,21.4387,0.00613309,129.041,6646.32
2313,21.4637,0.00658779,135.352,5760.5
2317,21.4901,0.00658779,135.352,5760.5
2321,21.5139,0.00596385,139.178,7028.89
2325,21.5397,0.00659795,133.883,5742.77
2329,21.5664,0.00674319,133.324,5498.05
2333,21.5921,0.00553638,135.043,8156.21
2337,21.6143,0.00553638,135.043,8156.21
2341,21.6394,0.00628139,137.547,6336.2
2345,21.6657,0.00668298,145.708,5597.57
2349,21.6907,0.00580982,142.106,7406.53
2353,21.7142,0.00610601,139.719,6705.41
2357,21.7387,0.00610601,139.719,6705.41
2361,21.7631,0.00611621,137.883,6683.06
2365,21.787,0.00590108,138.138,7179.22
2369,21.8113,0.00625069,142.099,6398.59
2373,21.836,0.00600245,134.678,6938.78
2377,21.86,0.00600245,134.678,6938.78
2381,21.8841,0.00601549,137.88,6908.73
2385,21.9106,0.0068291,135.36,5360.6
2389,21.9374,0.00659114,146.373,5754.64
2393,21.9642,0.00700169,141.104,5099.58
2397,21.9922,0.00700169,141.104,5099.58
2401,22.02,0.00694152,140.823,5188.37
2405,22.0468,0.00664294,140.718,5665.25
2409,22.0737,0.00676724,143.924,5459.04
2413,22.1007,0.00669312,140.606,5580.62
2417,22.1274,0.00669312,140.606,5580.62
2421,22.1527,0.00632572,140.896,6247.71
2425,22.178,0.0063236,145.048,6251.89
2429,22.2035,0.00640173,131.47,6100.21
2433,22.2289,0.00616016,133.912,6588.05
2437,22.2535,0.00616016,133.912,6588.05
2441,22.2759,0.00559032,133.721,7999.58
2445,22.2996,0.00605988,136.034,6807.87
2449,22.3231,0.005685,137.596,7735.34
2453,22.346,0.0058796,138.084,7231.78
2457,22.3696,0.0058796,138.084,7231.78
2461,22.3924,0.0057082,137.654,7672.57
2465,22.4181,0.00665637,142.638,5642.42
2469,22.4451,0.00680152,142.152,5404.15
2473,22.4719,0.00658231,133.013,5770.11
2477,22.4978,0.00614981,132.938,6610.24
2481,22.5224,0.00614981,132.938,6610.24
2485,22.5505,0.00703345,138.784,5053.62
2489,22.5776,0.00667522,141.846,5610.59
2493,22.6044,0.00670682,136.237,5557.86
2497,22.6312,0.00672394,131.789,5529.58
2501,22.6581,0.00672394,131.789,5529.58
2505,22.6849,0.00671052,133.711,5551.72
2509,22.7113,0.00656656,139.772,5797.82
2513,22.7372,0.00633435,149.136,6230.69
2517,22.7625,0.00635678,142.628,6186.79
2521,22.7879,0.00635678,142.628,6186.79
2525,22.8123,0.00609995,141.241,6718.73
2529,22.8372,0.00625475,143.493,6390.28
2533,22.8625,0.00638222,141.166,6137.56
2537,22.8883,0.00664772,136.576,5657.11
2541,22.9149,0.00664772,136.576,5657.11
2545,22.9396,0.00618359,137.216,6538.2
2549,22.9641,0.00610077,136.615,6716.93
2553,22.989,0.00636123,131.215,6178.15
2557,23.0142,0.0061308,133.52,6651.29
2561,23.0387,0.0061308,133.52,6651.29
2565,23.0645,0.00644292,140.321,6022.48
2569,23.0905,0.00649974,137.606,5917.63
2573,23.1155,0.00604668,143.804,6837.64
2577,23.1404,0.00673323,139.694,5514.33
2581,23.1674,0.00673323,139.694,5514.33
2585,23.1917,0.00609653,134.188,6726.29
2589,23.2172,0.0064644,124.216,5982.52
2593,23.2434,0.00661442,133.436,5714.22
2597,23.2695,0.00624832,142.472,6403.45
2601,23.2945,0.00624832,142.472,6403.45
2605,23.3204,0.00648614,138.5,5942.48
2609,23.3466,0.0065745,147.189,5783.82
2613,23.3725,0.0063605,147.286,6179.55
2617,23.3972,0.00565036,145.909,7830.47
2621,23.4198,0.00565036,145.909,7830.47
2625,23.445,0.00629467,152.729,6309.48
2629,23.4706,0.00644429,159.826,6019.9
2633,23.4956,0.00601267,159.122,6915.21
2637,23.5197,0.00610401,154.629,6709.8
2641,23.5441,0.00610401,154.629,6709.8
2645,23.5695,0.00634024,157.877,6219.12
2649,23.5968,0.00699364,158.263,5111.33
2653,23.6238,0.00651608,157.215,5888
2657,23.6499,0.00653794,148.103,5848.68
2661,23.676,0.00653794,148.103,5848.68
2665,23.7012,0.00629856,145.899,6301.71
2669,23.7263,0.00626399,141.905,6371.45
2673,23.7511,0.00611801,152.025,6679.12
2677,23.7758,0.00631536,153.22,6268.22
2681,23.801,0.00631536,153.22,6268.22
2685,23.8251,0.00601413,133.414,6911.85
2689,23.8483,0.00572143,118.891,7637.14
2693,23.8712,0.00574171,114.451,7583.28
2697,23.8947,0.00629336,123.502,6312.1
2701,23.9199,0.00629336,123.502,6312.1
2705,23.9436,0.00592768,124.118,7114.92
2709,23.9695,0.00665957,125.183,5636.99
2713,23.9953,0.00625102,123.743,6397.91
2717,24.0204,0.00631336,123.391,6272.19
2721,24.0456,0.00631336,123.391,6272.19
2725,24.0712,0.00638408,122.383,6134
2729,24.0948,0.00573611,125.141,7598.11
2733,24.1181,0.00591341,126.985,7149.31
2737,24.1425,0.00664998,124.703,5653.26
2741,24.1691,0.00664998,124.703,5653.26
2745,24.1933,0.00607122,128.279,6782.47
2749,24.2174,0.0060008,128.207,6942.58
2753,24.2427,0.00666348,135.491,5630.38
2757,24.2691,0.00639445,139.676,6114.12
2761,24.2947,0.00639445,139.676,6114.12
2765,24.3159,0.00530782,132.79,8873.77
2769,24.3393,0.00602099,132.687,6896.11
2773,24.3647,0.0066532,133.536,5647.79
2777,24.3911,0.0064644,132.126,5982.51
2781,24.4169,0.0064644,132.126,5982.51
2785,24.4396,0.0056719,131.175,7771.1
2789,24.4628,0.00582173,131.252,7376.26
2793,24.4867,0.00616384,131.289,6580.17
2797,24.5112,0.00600116,133.992,6941.76
2801,24.5352,0.00600116,133.992,6941.76
2805,24.5605,0.00631255,132.87,6273.8
2809,24.5867,0.0066301,133.841,5687.21
2813,24.6121,0.00607039,133.409,6784.32
2817,24.6364,0.00610385,133.706,6710.15
2821,24.6608,0.00610385,133.706,6710.15
2825,24.6856,0.00618788,133.188,6529.14
2829,24.7092,0.00580406,132.89,7421.25
2833,24.7331,0.00615617,140.455,6596.58
2837,24.7579,0.00629262,138.858,6313.61
2841,24.783,0.00629262,138.858,6313.61
2845,24.8103,0.00681948,140.33,5375.73
2849,24.835,0.00617705,139.669,6552.05
2853,24.8603,0.00637653,139.9,6148.53
2857,24.8859,0.00641082,143.262,6082.93
2861,24.9115,0.00642392,140.214,6058.15
2865,24.9372,0.00642392,140.214,6058.15
2869,24.9605,0.00582558,139.888,7366.5
2873,24.9848,0.00615407,139.516,6601.07
2877,25.0102,0.00651231,138.653,5894.81
2881,25.0361,0.00639749,144.969,6108.3
2885,25.0617,0.00639749,144.969,6108.3
2889,25.0848,0.00578888,146.724,7460.22
2893,25.1066,0.00530946,145.171,8868.29
2897,25.1299,0.00635767,143.328,6185.06
2901,25.1556,0.00658745,145.796,5761.1
2905,25.1819,0.00658745,145.796,5761.1
2909,25.207,0.00627395,148.092,6351.23
2913,25.2312,0.00596297,145.324,7030.97
2917,25.2555,0.00619611,146.931,6511.82
2921,25.28,0.00589569,152.129,7192.34
2925,25.3035,0.00589569,152.129,7192.34
2929,25.3297,0.00653053,145.104,5861.96
2933,25.3556,0.00646632,137.092,5978.95
2937,25.3805,0.00598782,136.994,6972.73
2941,25.4045,0.006058,142.13,6812.11
2945,25.4288,0.006058,142.13,6812.11
2949,25.4525,0.00593923,137.194,7087.29
2953,25.4773,0.00627573,137.33,6347.63
2957,25.5025,0.00634294,137.492,6213.82
2961,25.5274,0.00583237,142.792,7349.36
2965,25.5507,0.00583237,142.792,7349.36
2969,25.5779,0.00680622,139.829,5396.71
2973,25.604,0.00651611,136.683,5887.94
2977,25.6282,0.00590527,136.536,7169.03
2981,25.6525,0.00623786,136.419,6424.94
2985,25.677,0.00578833,136.027,7461.62
2989,25.7002,0.00578833,136.027,7461.62
2993,25.7234,0.00579978,145.718,7432.2
2997,25.7487,0.00652285,143.751,5875.77
3001,25.7737,0.00595866,144.374,7041.14
3005,25.7979,0.00631063,147.732,6277.61
3009,25.8231,0.00631063,147.732,6277.61
3013,25.8459,0.00569318,149.677,7713.13
3017,25.8721,0.00682221,143.739,5371.43
3021,25.8983,0.00627766,143.723,6343.72
3025,25.9228,0.00565049,145.601,7830.11
3029,25.9454,0.00565049,145.601,7830.11
3033,25.9685,0.00578148,149.879,7479.32
3037,25.992,0.00591063,146.837,7156.04
3041,26.0156,0.00588131,144.315,7227.56
3045,26.0393,0.00609461,142.935,6730.5
3049,26.0637,0.00609461,142.935,6730.5
3053,26.088,0.00606504,146.231,6796.3
3057,26.1109,0.00563521,150.92,7872.64
3061,26.1339,0.00583322,152.477,7347.23
3065,26.1574,0.00599985,145.713,6944.78
3069,26.1814,0.00599985,145.713,6944.78
3073,26.204,0.0056654,142.174,7788.94
3077,26.2271,0.00580179,146.491,7427.06
3081,26.25,0.00564178,155.712,7854.31
3085,26.2721,0.00515149,153.511,9420.5
3089,26.2927,0.00515149,153.511,9420.5
3093,26.3156,0.00573531,156.657,7600.22
3097,26.3407,0.00644515,151.073,6018.3
3101,26.3662,0.00631465,145.318,6269.62
3105,26.3912,0.00609076,154.633,6739.03
3109,26.4156,0.00609076,154.633,6739.03
3113,26.4405,0.0062159,154.536,6470.41
3117,26.465,0.00609986,149.548,6718.93
3121,26.4885,0.00568215,148.564,7743.1
3125,26.5118,0.0062211,149.416,6459.59
3129,26.5367,0.0062211,149.416,6459.59
3133,26.5609,0.00606171,146.496,6803.77
3137,26.5861,0.00635681,155.11,6186.74
3141,26.6104,0.00583355,150.94,7346.38
3145,26.6334,0.00542848,148.361,8483.68
3149,26.6551,0.00542848,148.361,8483.68
3153,26.6786,0.0058697,143.496,7256.19
3157,26.7013,0.00561463,144.864,7930.45
3161,26.7247,0.0060879,144.402,6745.35
3165,26.7491,0.00614893,142.992,6612.13
3169,26.7737,0.00614893,142.992,6612.13
3173,26.7966,0.00573082,154.17,7612.14
3177,26.8207,0.00610067,154.247,6717.14
3181,26.8447,0.00594167,158.528,7081.47
3185,26.8687,0.00616114,160.742,6585.94
3189,26.8934,0.00616114,160.742,6585.94
3193,26.9146,0.00530559,156.006,8881.23
3197,26.9352,0.00510012,158.329,9611.25
3201,26.9565,0.00555878,152.269,8090.59
3205,26.9785,0.00531636,153.2,8845.29
3209,26.9998,0.00531636,153.2,8845.29
3213,27.0224,0.00565376,156.218,7821.06
3217,27.0457,0.00588849,158.817,7209.95
3221,27.0699,0.0062322,155.798,6436.62
3225,27.095,0.00634244,157.336,6214.79
3229,27.1204,0.00634244,157.336,6214.79
3233,27.1433,0.005734,142.563,7603.7
3237,27.1678,0.0062572,143.116,6385.29
3241,27.1921,0.00587693,151.485,7238.35
3245,27.2151,0.00540453,144.502,8559.02
3249,27.2367,0.00540453,144.502,8559.02
3253,27.2596,0.00571061,144.164,7666.1
3257,27.2833,0.00602037,142.875,6897.53
3261,27.3078,0.00622411,146.603,6453.35
3265,27.3321,0.0056215,150.57,7911.09
3269,27.3546,0.0056215,150.57,7911.09
3273,27.3768,0.0055437,153.209,8134.68
3277,27.3998,0.0058298,153.389,7355.85
3281,27.4238,0.00615558,155.26,6597.84
3285,27.4486,0.00632834,155.601,6242.53
3289,27.4739,0.00632834,155.601,6242.53
3293,27.4987,0.0062121,160.782,6478.34
3297,27.5216,0.00554922,159.396,8118.52
3301,27.5435,0.00540596,156.61,8554.49
3305,27.5652,0.00548015,146.639,8324.46
3309,27.5871,0.00548015,146.639,8324.46
3313,27.6095,0.0055811,141.383,8026.03
3317,27.6313,0.00542097,146.552,8507.19
3321,27.6535,0.0056586,153.332,7807.68
3325,27.6762,0.00577412,158.892,7498.39
3329,27.6993,0.00577412,158.892,7498.39
3333,27.7222,0.0057258,146.189,7625.49
3337,27.7459,0.00599613,146.275,6953.41
3341,27.7689,0.00549544,148.529,8278.18
3345,27.7911,0.00569474,147.296,7708.9
3349,27.8139,0.00569474,147.296,7708.9
3353,27.8343,0.00509817,158.071,9618.6
3357,27.8554,0.00533814,153.521,8773.22
3361,27.8779,0.00594883,156.099,7064.41
3365,27.901,0.00522282,154.128,9164.93
3369,27.9219,0.00522282,154.128,9164.93
3373,27.9458,0.00596962,156.147,7015.3
3377,27.969,0.00574408,161.135,7577.02
3381,27.9929,0.00622184,158.363,6458.06
3385,28.0177,0.00611335,155.352,6689.31
3389,28.0421,0.00611335,155.352,6689.31
3393,28.0643,0.00554558,158.723,8129.15
3397,28.0868,0.00563152,153.197,7882.95
3401,28.1097,0.00584569,148.437,7315.92
3405,28.1334,0.00611445,149.88,6686.92
3409,28.1578,0.00611445,149.88,6686.92
3413,28.1821,0.00606433,152,6797.9
3417,28.2071,0.00630403,151.961,6290.77
3421,28.2302,0.00527778,155.962,8975.06
3425,28.2521,0.00606541,158.799,6795.46
3429,28.2764,0.00606541,158.799,6795.46
3433,28.3024,0.00650867,152.923,5901.41
3437,28.3271,0.00605984,152.999,6807.98
3441,28.3505,0.00564877,153.901,7834.87
3445,28.3735,0.00607476,150.606,6774.58
3449,28.3978,0.00607476,150.606,6774.58
3453,28.4203,0.0056026,155.426,7964.53
3457,28.443,0.00570686,150.454,7676.18
3461,28.4669,0.00626675,155.713,6365.84
3465,28.4916,0.00588916,149.168,7208.3
3469,28.5152,0.00588916,149.168,7208.3
3473,28.5385,0.00582469,140.859,7368.75
3477,28.5613,0.0056806,144.115,7747.32
3481,28.5851,0.00619399,152.298,6516.26
3485,28.6098,0.00612396,146.971,6666.15
3489,28.6343,0.00612396,146.971,6666.15
3493,28.6553,0.00524754,143.459,9078.82
3497,28.6775,0.0056441,147.933,7847.84
3501,28.7008,0.00603218,151.16,6870.55
3505,28.7251,0.00616009,150.393,6588.18
3509,28.7497,0.00616009,150.393,6588.18
3513,28.7718,0.00552296,146.802,8195.89
3517,28.7941,0.00560045,150.145,7970.66
3521,28.8169,0.00576368,145.235,7525.58
3525,28.8395,0.00539265,149.71,8596.79
3529,28.8611,0.00539265,149.71,8596.79
3533,28.8844,0.00581611,147.311,7390.53
3537,28.9076,0.00580844,146.377,7410.06
3541,28.9299,0.00532622,150.705,8812.54
3545,28.9518,0.00594449,142.575,7074.74
3549,28.9756,0.00594449,142.575,7074.74
3553,28.9999,0.0060699,142.655,6785.43
3557,29.0254,0.00649971,142.707,5917.68
3561,29.0492,0.00539412,145.318,8592.1
3565,29.0709,0.00546604,148.649,8367.48
3569,29.0927,0.00546604,148.649,8367.48
3573,29.1139,0.00529351,153.128,8921.79
3577,29.1374,0.00607868,153.649,6765.84
3581,29.1611,0.00573024,151.398,7613.67
3585,29.1838,0.00552832,142.076,8179.99
3589,29.2059,0.00552832,142.076,8179.99
3593,29.2298,0.00597715,141.945,6997.65
3597,29.2545,0.00622844,142.174,6444.39
3601,29.277,0.00502442,143.045,9903.02
3605,29.2975,0.00545724,145.249,8394.47
3609,29.3193,0.00545724,145.249,8394.47
3613,29.3402,0.00522153,141.883,9169.47
3617,29.3636,0.00606842,143.677,6788.74
3621,29.3884,0.00630184,143.332,6295.13
3625,29.413,0.00570452,142.216,7682.48
3629,29.4358,0.00570452,142.216,7682.48
3633,29.4606,0.00620467,147.318,6493.86
3637,29.4839,0.00568517,145.156,7734.88
3641,29.5061,0.00540848,147.106,8546.54
3645,29.5279,0.00562194,150.901,7909.83
3649,29.5504,0.00562194,150.901,7909.83
3653,29.5739,0.00588528,150.68,7217.82
3657,29.5952,0.00513044,151.149,9497.98
3661,29.6169,0.00572647,143.268,7623.7
3665,29.6402,0.00608136,149.196,6759.87
3669,29.6645,0.00608136,149.196,6759.87
3673,29.6856,0.00526252,150.669,9027.18
3677,29.7069,0.00535366,145.071,8722.46
3681,29.7282,0.00527684,147.335,8978.25
3685,29.7493,0.00531177,150.85,8860.55
3689,29.7706,0.00531177,150.85,8860.55
3693,29.7945,0.00599828,155.071,6948.44
3697,29.8176,0.00568143,142.978,7745.06
3701,29.8405,0.00576784,146.002,7514.73
3705,29.8637,0.00592222,154.598,7128.06
3709,29.8874,0.00592222,154.598,7128.06
3713,29.9111,0.00593409,160.158,7099.57
3717,29.934,0.0056434,158.363,7849.78
3721,29.9564,0.00557722,165.601,8037.19
3725,29.9789,0.00576774,164.458,7515
3729,30.002,0.00576774,164.458,7515
3733,30.0242,0.00555268,161.485,8108.4
3737,30.0469,0.00569587,161.218,7705.83
3741,30.0691,0.00544065,154.014,8445.76
3745,30.0914,0.0059136,159.041,7148.86
3749,30.115,0.0059136,159.041,7148.86
3753,30.138,0.00573995,154.228,7587.93
3757,30.1598,0.00534496,146.944,8750.86
3761,30.181,0.00526402,157.79,9022.03
3765,30.2023,0.00551418,158.113,8222.02
3769,30.2243,0.00551418,158.113,8222.02
3773,30.2488,0.00612724,153.364,6659.02
3777,30.2732,0.00607978,163.273,6763.39
3781,30.2957,0.00515861,160.913,9394.51
3785,30.3169,0.00571348,167.449,7658.4
3789,30.3397,0.00571348,167.449,7658.4
3793,30.3627,0.00574199,166.315,7582.54
3797,30.3848,0.00545931,165.889,8388.12
3801,30.4071,0.00566105,163.431,7800.91
3805,30.4297,0.00569889,173.825,7697.66
3809,30.4525,0.00569889,173.825,7697.66
3813,30.4735,0.00524322,170.098,9093.76
3817,30.4963,0.00585503,170.185,7292.59
3821,30.5186,0.00530158,152.036,8894.65
3825,30.5404,0.00583362,151.943,7346.23
3829,30.5637,0.00583362,151.943,7346.23
3833,30.584,0.00506289,156.419,9753.11
3837,30.6047,0.00523972,153.952,9105.93
3841,30.6267,0.00574025,156.465,7587.16
3845,30.6493,0.00536835,157.55,8674.79
3849,30.6708,0.00536835,157.55,8674.79
3853,30.6938,0.00574715,164.001,7568.95
3857,30.7175,0.00601442,156.959,6911.18
3861,30.7413,0.0058744,154.886,7244.57
3865,30.7646,0.00561012,152.938,7943.2
3869,30.787,0.00561012,152.938,7943.2
3873,30.8101,0.00578364,153.046,7473.73
3877,30.8331,0.00573139,152.088,7610.63
3881,30.8559,0.0056476,152.352,7838.14
3885,30.8783,0.00545513,161.052,8400.99
3889,30.9001,0.00545513,161.052,8400.99
3893,30.9206,0.00512951,164.221,9501.4
3897,30.9429,0.00571756,162.068,7647.5
3901,30.9661,0.00587341,167.874,7247.03
3905,30.9893,0.00559193,153.652,7994.98
3909,31.0116,0.00559193,153.652,7994.98
3913,31.032,0.00509354,165.35,9636.07
3917,31.0538,0.0055685,159.234,8062.37
3921,31.0771,0.00605007,154.575,6829.98
3925,31.101,0.00580661,161.012,7414.71
3929,31.1242,0.00580661,161.012,7414.71
3933,31.1473,0.00575355,153.83,7552.11
3937,31.169,0.00532995,157.183,8800.21
3941,31.1903,0.00532101,160.38,8829.82
3945,31.2123,0.00602092,163.168,6896.26
3949,31.2364,0.00602092,163.168,6896.26
3953,31.2596,0.00581549,161.9,7392.1
3957,31.2824,0.00566294,165.196,7795.72
3961,31.3051,0.00567005,172.643,7776.19
3965,31.3279,0.00575156,174.473,7557.33
3969,31.3509,0.00575156,174.473,7557.33
3973,31.3742,0.00582284,168.449,7373.43
3977,31.3972,0.00572723,167.283,7621.69
3981,31.4199,0.00565571,161.888,7815.66
3985,31.4423,0.00536382,159.675,8689.45
3989,31.4637,0.00536382,159.675,8689.45
3993,31.4852,0.00536194,164.016,8695.53
3997,31.5054,0.00496728,167.282,10132.2
4001,31.5264,0.00550953,168.232,8235.88
4005,31.5484,0.00553304,172.451,8166.07
4009,31.5706,0.00553304,172.451,8166.07
4013,31.5946,0.00601843,170.139,6901.97
4017,31.618,0.0057647,172.634,7522.92
4021,31.6411,0.00579561,176.174,7442.89
4025,31.6641,0.00566933,161.508,7778.16
4029,31.6868,0.00566933,161.508,7778.16
4033,31.709,0.0055402,163.572,8144.95
4037,31.7315,0.00566943,161.566,7777.88
4041,31.7547,0.00593489,161.459,7097.66
4045,31.778,0.00550735,165.102,8242.42
4049,31.8001,0.00550735,165.102,8242.42
4053,31.8215,0.00536581,165.189,8683
4057,31.8442,0.00575753,167.908,7541.68
4061,31.8671,0.00569827,165.13,7699.36
4065,31.8902,0.00602344,167.033,6890.5
4069,31.9143,0.00602344,167.033,6890.5
4073,31.9382,0.00596564,154.32,7024.67
4077,31.9623,0.00606557,166.834,6795.12
4081,31.9846,0.00504971,148.839,9804.08
4085,32.0054,0.005744,163.424,7577.24
4089,32.0284,0.005744,163.424,7577.24
4093,32.0516,0.00578512,161.38,7469.92
4097,32.0749,0.00584938,161.899,7306.68
4101,32.099,0.00620569,162.102,6491.72
4105,32.1239,0.00624113,147.768,6418.21
4109,32.1488,0.00624113,147.768,6418.21
4113,32.1717,0.00571984,153.608,7641.39
4117,32.194,0.00552766,151.66,8181.95
4121,32.2166,0.00574241,150.082,7581.45
4125,32.2396,0.00584227,149.444,7324.49
4129,32.263,0.00584227,149.444,7324.49
4133,32.285,0.00549692,161.558,8273.73
4137,32.3067,0.00541821,170.51,8515.84
4141,32.329,0.00571342,158.201,7658.57
4145,32.3517,0.00560979,156.324,7944.15
4149,32.3742,0.00560979,156.324,7944.15
4153,32.3962,0.00550523,160.065,8248.77
4157,32.4187,0.00565513,162.902,7817.27
4161,32.432,0.001,166.84,1e+06
4165,32.4401,0.00507465,167.161,9707.97
4169,32.4604,0.00507465,167.161,9707.97
4173,32.495,0.00866448,172.673,3330.08
